id,provider,external_account_id,external_transaction_id,transaction_date,description,amount,direction,raw_json
1,truelayer,43cea894857fee2f247d618473fcff06,1c51bfa2c6532ab12955f12c756a2ddc,2025-12-29T00:00:00Z,"SUMUP*COFFEE LAB HARPENDEN",3.85,in,"{""timestamp"":""2025-12-29T00:00:00Z"",""description"":""SUMUP*COFFEE LAB HARPENDEN"",""transaction_type"":""DEBIT"",""transaction_category"":""DEBIT"",""transaction_classification"":[],""amount"":3.85,""currency"":""GBP"",""transaction_id"":""1c51bfa2c6532ab12955f12c756a2ddc"",""provider_transaction_id"":""AT253630056000010076715---0005---20251229"",""normalised_provider_transaction_id"":""txn-a47ac0c7d8b9cc746"",""meta"":{""provider_reference"":""AT253630056000010076715"",""provider_merchant_name"":""HITCHIN COFFEE COMPANY"",""address"":""10 COLESWOOD ROAD, ENG, AL5 1EQ"",""transaction_type"":""Debit"",""provider_id"":""AT253630056000010076715---0005---20251229""}}"
2,truelayer,43cea894857fee2f247d618473fcff06,c1275f2afa60c87fe82807daacc12b95,2025-12-29T00:00:00Z,"UBER EATS HTTPS://HELP.UB",15.19,in,"{""timestamp"":""2025-12-29T00:00:00Z"",""description"":""UBER EATS HTTPS://HELP.UB"",""transaction_type"":""DEBIT"",""transaction_category"":""DEBIT"",""transaction_classification"":[],""amount"":15.19,""currency"":""GBP"",""transaction_id"":""c1275f2afa60c87fe82807daacc12b95"",""provider_transaction_id"":""AT253630056000010079003---0005---20251229"",""normalised_provider_transaction_id"":""txn-e146e1492776667f7"",""meta"":{""provider_reference"":""AT253630056000010079003"",""provider_merchant_name"":""UBER PAYMENTS"",""address"":""2 LEMAN STREET, ENG, E1 8FA"",""transaction_type"":""Debit"",""provider_id"":""AT253630056000010079003---0005---20251229""}}"
3,truelayer,43cea894857fee2f247d618473fcff06,475f63a4645af677630814c7b6833d48,2025-12-28T00:00:00Z,"CO-OP KNIGHTSFIELD WELWYN GARDEN C",5.0,in,"{""timestamp"":""2025-12-28T00:00:00Z"",""description"":""CO-OP KNIGHTSFIELD WELWYN GARDEN C"",""transaction_type"":""DEBIT"",""transaction_category"":""DEBIT"",""transaction_classification"":[],""amount"":5,""currency"":""GBP"",""transaction_id"":""475f63a4645af677630814c7b6833d48"",""provider_transaction_id"":""AT253630056000010072628---0005---20251228"",""normalised_provider_transaction_id"":""txn-e2b0f9701a9a588d5"",""meta"":{""provider_reference"":""AT253630056000010072628"",""provider_merchant_name"":""CO-OP FOOD - KNIGHTSFIELD"",""address"":""1-5 SHOPLANDS PARADE, ENG, AL8 7RH"",""transaction_type"":""Debit"",""provider_id"":""AT253630056000010072628---0005---20251228""}}"
4,truelayer,43cea894857fee2f247d618473fcff06,9814973cd19c2e577eb5b41829dd214a,2025-12-28T00:00:00Z,"CO-OP KNIGHTSFIELD WELWYN GARDEN C",7.5,in,"{""timestamp"":""2025-12-28T00:00:00Z"",""description"":""CO-OP KNIGHTSFIELD WELWYN GARDEN C"",""transaction_type"":""DEBIT"",""transaction_category"":""DEBIT"",""transaction_classification"":[],""amount"":7.5,""currency"":""GBP"",""transaction_id"":""9814973cd19c2e577eb5b41829dd214a"",""provider_transaction_id"":""AT253630056000010072627---0005---20251228"",""normalised_provider_transaction_id"":""txn-69150e4bb1487253c"",""meta"":{""provider_reference"":""AT253630056000010072627"",""provider_merchant_name"":""CO-OP FOOD - KNIGHTSFIELD"",""address"":""1-5 SHOPLANDS PARADE, ENG, AL8 7RH"",""transaction_type"":""Debit"",""provider_id"":""AT253630056000010072627---0005---20251228""}}"
5,truelayer,43cea894857fee2f247d618473fcff06,87c5eb9a7bd1c9f9afe11f94d25005bb,2025-12-28T00:00:00Z,"PAYMENT RECEIVED - THANK YOU",128.45,out,"{""timestamp"":""2025-12-28T00:00:00Z"",""description"":""PAYMENT RECEIVED - THANK YOU"",""transaction_type"":""CREDIT"",""transaction_category"":""CREDIT"",""transaction_classification"":[],""amount"":-128.45,""currency"":""GBP"",""transaction_id"":""87c5eb9a7bd1c9f9afe11f94d25005bb"",""provider_transaction_id"":""AT253620061000010069326---1313---20251228"",""normalised_provider_transaction_id"":""txn-aef699946f390249c"",""meta"":{""provider_reference"":""AT253620061000010069326"",""transaction_type"":""Credit"",""provider_id"":""AT253620061000010069326---1313---20251228""}}"
6,truelayer,43cea894857fee2f247d618473fcff06,9643467129f94b2b447836042b0403b2,2025-12-28T00:00:00Z,"PAYMENT RECEIVED - THANK YOU",30.0,out,"{""timestamp"":""2025-12-28T00:00:00Z"",""description"":""PAYMENT RECEIVED - THANK YOU"",""transaction_type"":""CREDIT"",""transaction_category"":""CREDIT"",""transaction_classification"":[],""amount"":-30,""currency"":""GBP"",""transaction_id"":""9643467129f94b2b447836042b0403b2"",""provider_transaction_id"":""AT253620061000010024808---1313---20251228"",""normalised_provider_transaction_id"":""txn-917b3375507b72da6"",""meta"":{""provider_reference"":""AT253620061000010024808"",""transaction_type"":""Credit"",""provider_id"":""AT253620061000010024808---1313---20251228""}}"
7,truelayer,43cea894857fee2f247d618473fcff06,a627e82001ad92bfa6e80bc063f12104,2025-12-28T00:00:00Z,"TRIP.COM LONDON",8.45,in,"{""timestamp"":""2025-12-28T00:00:00Z"",""description"":""TRIP.COM LONDON"",""transaction_type"":""DEBIT"",""transaction_category"":""DEBIT"",""transaction_classification"":[],""amount"":8.45,""currency"":""GBP"",""transaction_id"":""a627e82001ad92bfa6e80bc063f12104"",""provider_transaction_id"":""AT253620057000010085520---0005---20251228"",""normalised_provider_transaction_id"":""txn-9cb08f89d0bfeec98"",""meta"":{""provider_reference"":""AT253620057000010085520"",""provider_merchant_name"":""TRIP.COM"",""address"":""UNIT 3003 30/F PAUL Y CENTRE,51 HUNG TO ROAD,KWUN TONG, null, 00000"",""transaction_type"":""Debit"",""provider_id"":""AT253620057000010085520---0005---20251228""}}"
8,truelayer,43cea894857fee2f247d618473fcff06,22a52dfe8a42b74619f2ef1b483334e2,2025-12-27T00:00:00Z,"STABLE BAR NR WELWYN",12.0,in,"{""timestamp"":""2025-12-27T00:00:00Z"",""description"":""STABLE BAR NR WELWYN"",""transaction_type"":""DEBIT"",""transaction_category"":""DEBIT"",""transaction_classification"":[],""amount"":12,""currency"":""GBP"",""transaction_id"":""22a52dfe8a42b74619f2ef1b483334e2"",""provider_transaction_id"":""AT253620057000010084275---0005---20251227"",""normalised_provider_transaction_id"":""txn-677fe2c780796aa62"",""meta"":{""provider_reference"":""AT253620057000010084275"",""provider_merchant_name"":""TEWINBURY FARM HOTEL"",""address"":""B1000 HERTFORD ROAD, ENG, AL6 0JB"",""transaction_type"":""Debit"",""provider_id"":""AT253620057000010084275---0005---20251227""}}"
9,truelayer,43cea894857fee2f247d618473fcff06,631682783e910b0b701b2fef345cffc1,2025-12-27T00:00:00Z,"asos.com London",41.07,in,"{""timestamp"":""2025-12-27T00:00:00Z"",""description"":""asos.com London"",""transaction_type"":""DEBIT"",""transaction_category"":""DEBIT"",""transaction_classification"":[],""amount"":41.07,""currency"":""GBP"",""transaction_id"":""631682783e910b0b701b2fef345cffc1"",""provider_transaction_id"":""AT253630056000010062265---0005---20251227"",""normalised_provider_transaction_id"":""txn-36f15e43ec993712e"",""meta"":{""provider_reference"":""AT253630056000010062265"",""provider_merchant_name"":""ASOS"",""address"":""GREATER LONDON HOUSE HAMPSTEAD ROAD 2ND FLOOR, LND, NW1 7FB"",""transaction_type"":""Debit"",""provider_id"":""AT253630056000010062265---0005---20251227""}}"
10,truelayer,43cea894857fee2f247d618473fcff06,9f86995aa8bc181f71b8870906ee6f55,2025-12-26T00:00:00Z,"PAYMENT RECEIVED - THANK YOU",101.26,out,"{""timestamp"":""2025-12-26T00:00:00Z"",""description"":""PAYMENT RECEIVED - THANK YOU"",""transaction_type"":""CREDIT"",""transaction_category"":""CREDIT"",""transaction_classification"":[],""amount"":-101.26,""currency"":""GBP"",""transaction_id"":""9f86995aa8bc181f71b8870906ee6f55"",""provider_transaction_id"":""AT253600049000010069320---1313---20251226"",""normalised_provider_transaction_id"":""txn-15fdcbc649d5c2b39"",""meta"":{""provider_reference"":""AT253600049000010069320"",""transaction_type"":""Credit"",""provider_id"":""AT253600049000010069320---1313---20251226""}}"
11,truelayer,43cea894857fee2f247d618473fcff06,d5904f7c60b8236d3bb64ab2e34dd5ea,2025-12-26T00:00:00Z,"PAYMENT RECEIVED - THANK YOU",5.0,out,"{""timestamp"":""2025-12-26T00:00:00Z"",""description"":""PAYMENT RECEIVED - THANK YOU"",""transaction_type"":""CREDIT"",""transaction_category"":""CREDIT"",""transaction_classification"":[],""amount"":-5,""currency"":""GBP"",""transaction_id"":""d5904f7c60b8236d3bb64ab2e34dd5ea"",""provider_transaction_id"":""AT253600049000010053377---1313---20251226"",""normalised_provider_transaction_id"":""txn-2f22f8ffa1955ce0d"",""meta"":{""provider_reference"":""AT253600049000010053377"",""transaction_type"":""Credit"",""provider_id"":""AT253600049000010053377---1313---20251226""}}"
12,truelayer,43cea894857fee2f247d618473fcff06,bfe03c445034757ccddab42406ee7f1c,2025-12-26T00:00:00Z,"SUMUP*COFFEE LAB HARPENDEN",3.85,in,"{""timestamp"":""2025-12-26T00:00:00Z"",""description"":""SUMUP*COFFEE LAB HARPENDEN"",""transaction_type"":""DEBIT"",""transaction_category"":""DEBIT"",""transaction_classification"":[],""amount"":3.85,""currency"":""GBP"",""transaction_id"":""bfe03c445034757ccddab42406ee7f1c"",""provider_transaction_id"":""AT253600037000010022321---0005---20251226"",""normalised_provider_transaction_id"":""txn-7e40fb06c5dd00dfa"",""meta"":{""provider_reference"":""AT253600037000010022321"",""provider_merchant_name"":""HITCHIN COFFEE COMPANY"",""address"":""10 COLESWOOD ROAD, ENG, AL5 1EQ"",""transaction_type"":""Debit"",""provider_id"":""AT253600037000010022321---0005---20251226""}}"
13,truelayer,43cea894857fee2f247d618473fcff06,ef474256db8b40d869874e6097835740,2025-12-26T00:00:00Z,"UBER TRIP HTTPS://HELP.UB",27.61,in,"{""timestamp"":""2025-12-26T00:00:00Z"",""description"":""UBER TRIP HTTPS://HELP.UB"",""transaction_type"":""DEBIT"",""transaction_category"":""DEBIT"",""transaction_classification"":[],""amount"":27.61,""currency"":""GBP"",""transaction_id"":""ef474256db8b40d869874e6097835740"",""provider_transaction_id"":""AT253610043000010050505---0005---20251226"",""normalised_provider_transaction_id"":""txn-615f21141e05a0567"",""meta"":{""provider_reference"":""AT253610043000010050505"",""provider_merchant_name"":""UBER RIDES"",""address"":""ALDGATE TOWER FIRST FLOOR 2 LEHMAN,STREET, ENG, E1 8FA"",""transaction_type"":""Debit"",""provider_id"":""AT253610043000010050505---0005---20251226""}}"
14,truelayer,43cea894857fee2f247d618473fcff06,43ee9770248c9e4dd6f761671296d9ac,2025-12-24T00:00:00Z,"BUNS FROM HOME - KINGS London",8.9,in,"{""timestamp"":""2025-12-24T00:00:00Z"",""description"":""BUNS FROM HOME - KINGS London"",""transaction_type"":""DEBIT"",""transaction_category"":""DEBIT"",""transaction_classification"":[],""amount"":8.9,""currency"":""GBP"",""transaction_id"":""43ee9770248c9e4dd6f761671296d9ac"",""provider_transaction_id"":""AT253580082000010004523---0005---20251224"",""normalised_provider_transaction_id"":""txn-186d8992784f09ae0"",""meta"":{""provider_reference"":""AT253580082000010004523"",""provider_merchant_name"":""BUNS FROM HOME KINGS CROSS"",""address"":""FLOOR 0,KING S CROSS STATION, ENG, N1 9AL"",""transaction_type"":""Debit"",""provider_id"":""AT253580082000010004523---0005---20251224""}}"
15,truelayer,43cea894857fee2f247d618473fcff06,d6c2a088f8b18c3559e2e0ed5a308934,2025-12-24T00:00:00Z,"PAYMENT RECEIVED - THANK YOU",42.0,out,"{""timestamp"":""2025-12-24T00:00:00Z"",""description"":""PAYMENT RECEIVED - THANK YOU"",""transaction_type"":""CREDIT"",""transaction_category"":""CREDIT"",""transaction_classification"":[],""amount"":-42,""currency"":""GBP"",""transaction_id"":""d6c2a088f8b18c3559e2e0ed5a308934"",""provider_transaction_id"":""AT253580080000010041084---1313---20251224"",""normalised_provider_transaction_id"":""txn-043b87f1f867fd500"",""meta"":{""provider_reference"":""AT253580080000010041084"",""transaction_type"":""Credit"",""provider_id"":""AT253580080000010041084---1313---20251224""}}"
16,truelayer,43cea894857fee2f247d618473fcff06,1f9a657122c2e5655804a509496dde2a,2025-12-24T00:00:00Z,"TRAINLINE Trainline LONDON",18.55,in,"{""timestamp"":""2025-12-24T00:00:00Z"",""description"":""TRAINLINE Trainline LONDON"",""transaction_type"":""DEBIT"",""transaction_category"":""DEBIT"",""transaction_classification"":[],""amount"":18.55,""currency"":""GBP"",""transaction_id"":""1f9a657122c2e5655804a509496dde2a"",""provider_transaction_id"":""AT253590054000010060490---0005---20251224"",""normalised_provider_transaction_id"":""txn-b5f8e0f3b63ad6c13"",""meta"":{""provider_reference"":""AT253590054000010060490"",""provider_merchant_name"":""TRAINLINE"",""address"":""120 HOLBORN, ENG, EC1N 2TD"",""transaction_type"":""Debit"",""provider_id"":""AT253590054000010060490---0005---20251224""}}"
17,truelayer,43cea894857fee2f247d618473fcff06,27ff27fe363d7cacc459d0cb6aa912af,2025-12-23T00:00:00Z,"DOJO*HEAVENLY DESSERTS LONDON",41.7,in,"{""timestamp"":""2025-12-23T00:00:00Z"",""description"":""DOJO*HEAVENLY DESSERTS LONDON"",""transaction_type"":""DEBIT"",""transaction_category"":""DEBIT"",""transaction_classification"":[],""amount"":41.7,""currency"":""GBP"",""transaction_id"":""27ff27fe363d7cacc459d0cb6aa912af"",""provider_transaction_id"":""AT253580056000010097052---0005---20251223"",""normalised_provider_transaction_id"":""txn-e249c577ae4b4b891"",""meta"":{""provider_reference"":""AT253580056000010097052"",""provider_merchant_name"":""HEAVENLY DESSERTS TOOTING"",""address"":""48 UPPER TOOTING ROAD, ENG, SW17 7PD"",""transaction_type"":""Debit"",""provider_id"":""AT253580056000010097052---0005---20251223""}}"
18,truelayer,43cea894857fee2f247d618473fcff06,016fb7a3ae66809faaa0bdef8c73d348,2025-12-22T00:00:00Z,"CEX LONDON",25.0,out,"{""timestamp"":""2025-12-22T00:00:00Z"",""description"":""CEX LONDON"",""transaction_type"":""CREDIT"",""transaction_category"":""CREDIT"",""transaction_classification"":[],""amount"":-25,""currency"":""GBP"",""transaction_id"":""016fb7a3ae66809faaa0bdef8c73d348"",""provider_transaction_id"":""AT253560055000010064704---0006---20251222"",""normalised_provider_transaction_id"":""txn-42e37dee17166e12f"",""meta"":{""provider_reference"":""AT253560055000010064704"",""provider_merchant_name"":""CEX"",""address"":""STERLING HOUSE FULBOURNE ROAD WALTHA, ENG, E17 4EE"",""transaction_type"":""Credit"",""provider_id"":""AT253560055000010064704---0006---20251222""}}"
19,truelayer,43cea894857fee2f247d618473fcff06,d9961f70555b6bed3e1ab96a74f3edf6,2025-12-22T00:00:00Z,"LIME*PAIEMENT VRUD LONDON",1.99,in,"{""timestamp"":""2025-12-22T00:00:00Z"",""description"":""LIME*PAIEMENT VRUD LONDON"",""transaction_type"":""DEBIT"",""transaction_category"":""DEBIT"",""transaction_classification"":[],""amount"":1.99,""currency"":""GBP"",""transaction_id"":""d9961f70555b6bed3e1ab96a74f3edf6"",""provider_transaction_id"":""AT253560055000010069103---0005---20251222"",""normalised_provider_transaction_id"":""txn-814002fc560605930"",""meta"":{""provider_reference"":""AT253560055000010069103"",""provider_merchant_name"":""LIME TECHNOLOGY"",""address"":""HAYS GALLERIA 1 HAYS LANE, ENG, SE1"",""transaction_type"":""Debit"",""provider_id"":""AT253560055000010069103---0005---20251222""}}"
20,truelayer,43cea894857fee2f247d618473fcff06,fc5efdd004e682c3bf480df2e27ec976,2025-12-21T00:00:00Z,"TESCO STORE 5122 5122TE LONDON",10.15,in,"{""timestamp"":""2025-12-21T00:00:00Z"",""description"":""TESCO STORE 5122 5122TE LONDON"",""transaction_type"":""DEBIT"",""transaction_category"":""DEBIT"",""transaction_classification"":[],""amount"":10.15,""currency"":""GBP"",""transaction_id"":""fc5efdd004e682c3bf480df2e27ec976"",""provider_transaction_id"":""AT253550046000010092809---0005---20251221"",""normalised_provider_transaction_id"":""txn-0da20dea6c1bc0768"",""meta"":{""provider_reference"":""AT253550046000010092809"",""provider_merchant_name"":""TESCO STORE"",""address"":""CLAPHAM SUPERSTORE, ENG, SW4 9DF"",""transaction_type"":""Debit"",""provider_id"":""AT253550046000010092809---0005---20251221""}}"
21,truelayer,43cea894857fee2f247d618473fcff06,c679a9822e2115d16224ca911895e94a,2025-12-20T00:00:00Z,"BRANCHE TOOTING BEC BRA LONDON",75.4,in,"{""timestamp"":""2025-12-20T00:00:00Z"",""description"":""BRANCHE TOOTING BEC BRA LONDON"",""transaction_type"":""DEBIT"",""transaction_category"":""DEBIT"",""transaction_classification"":[],""amount"":75.4,""currency"":""GBP"",""transaction_id"":""c679a9822e2115d16224ca911895e94a"",""provider_transaction_id"":""AT253550046000010077579---0005---20251220"",""normalised_provider_transaction_id"":""txn-d80d58d3117d2ccd7"",""meta"":{""provider_reference"":""AT253550046000010077579"",""provider_merchant_name"":""BRANCHE TOOTING BEC BRANCHE TOOTING"",""address"":""14 TRINITY ROAD, null, SW1"",""transaction_type"":""Debit"",""provider_id"":""AT253550046000010077579---0005---20251220""}}"
22,truelayer,43cea894857fee2f247d618473fcff06,c06a285face9abdacf9f4083bc85cc39,2025-12-20T00:00:00Z,"PAYMENT RECEIVED - THANK YOU",63.43,out,"{""timestamp"":""2025-12-20T00:00:00Z"",""description"":""PAYMENT RECEIVED - THANK YOU"",""transaction_type"":""CREDIT"",""transaction_category"":""CREDIT"",""transaction_classification"":[],""amount"":-63.43,""currency"":""GBP"",""transaction_id"":""c06a285face9abdacf9f4083bc85cc39"",""provider_transaction_id"":""AT253540060000010064909---1313---20251220"",""normalised_provider_transaction_id"":""txn-928773677ffc5307f"",""meta"":{""provider_reference"":""AT253540060000010064909"",""transaction_type"":""Credit"",""provider_id"":""AT253540060000010064909---1313---20251220""}}"
23,truelayer,43cea894857fee2f247d618473fcff06,70e383ea0fd871a08c8f31070352deb5,2025-12-20T00:00:00Z,"SAINSBURY'S SUPERMARKET LONDON",67.81,in,"{""timestamp"":""2025-12-20T00:00:00Z"",""description"":""SAINSBURY'S SUPERMARKET LONDON"",""transaction_type"":""DEBIT"",""transaction_category"":""DEBIT"",""transaction_classification"":[],""amount"":67.81,""currency"":""GBP"",""transaction_id"":""70e383ea0fd871a08c8f31070352deb5"",""provider_transaction_id"":""AT253550046000010087399---0005---20251220"",""normalised_provider_transaction_id"":""txn-48e34d866e51a0642"",""meta"":{""provider_reference"":""AT253550046000010087399"",""provider_merchant_name"":""SAINSBURYS"",""address"":""147-151 BALHAM HIGH ROAD, LND, SW12 9AU"",""transaction_type"":""Debit"",""provider_id"":""AT253550046000010087399---0005---20251220""}}"
24,truelayer,43cea894857fee2f247d618473fcff06,d4e9aee364f324dbec50636753e90a17,2025-12-20T00:00:00Z,"SP SEASON COOKSHOP LONDON",6.5,in,"{""timestamp"":""2025-12-20T00:00:00Z"",""description"":""SP SEASON COOKSHOP LONDON"",""transaction_type"":""DEBIT"",""transaction_category"":""DEBIT"",""transaction_classification"":[],""amount"":6.5,""currency"":""GBP"",""transaction_id"":""d4e9aee364f324dbec50636753e90a17"",""provider_transaction_id"":""AT253550046000010104585---0005---20251220"",""normalised_provider_transaction_id"":""txn-b5454e322d1cde2df"",""meta"":{""provider_reference"":""AT253550046000010104585"",""provider_merchant_name"":""SEASON"",""address"":""166 WEST END LANE, null, NW6"",""transaction_type"":""Debit"",""provider_id"":""AT253550046000010104585---0005---20251220""}}"
25,truelayer,43cea894857fee2f247d618473fcff06,c1aa6576d0cdedc33eaf30864859ac4e,2025-12-20T00:00:00Z,"TESCO STORE 2851 2851TE LONDON",2.7,in,"{""timestamp"":""2025-12-20T00:00:00Z"",""description"":""TESCO STORE 2851 2851TE LONDON"",""transaction_type"":""DEBIT"",""transaction_category"":""DEBIT"",""transaction_classification"":[],""amount"":2.7,""currency"":""GBP"",""transaction_id"":""c1aa6576d0cdedc33eaf30864859ac4e"",""provider_transaction_id"":""AT253540044000010071442---0005---20251220"",""normalised_provider_transaction_id"":""txn-a2bf48e2bf40e76a8"",""meta"":{""provider_reference"":""AT253540044000010071442"",""provider_merchant_name"":""TOOTING BALHAMRD EXP"",""address"":""279-291 BALHAM HIGH R, ENG, SW17 7BA"",""transaction_type"":""Debit"",""provider_id"":""AT253540044000010071442---0005---20251220""}}"
26,truelayer,43cea894857fee2f247d618473fcff06,4015fccee76daeeacf99fb3d63d2efec,2025-12-20T00:00:00Z,"UBER TRIP HTTPS://HELP.UB",10.37,in,"{""timestamp"":""2025-12-20T00:00:00Z"",""description"":""UBER TRIP HTTPS://HELP.UB"",""transaction_type"":""DEBIT"",""transaction_category"":""DEBIT"",""transaction_classification"":[],""amount"":10.37,""currency"":""GBP"",""transaction_id"":""4015fccee76daeeacf99fb3d63d2efec"",""provider_transaction_id"":""AT253540044000010094899---0005---20251220"",""normalised_provider_transaction_id"":""txn-6080832a0dd8933aa"",""meta"":{""provider_reference"":""AT253540044000010094899"",""provider_merchant_name"":""UBER RIDES"",""address"":""ALDGATE TOWER FIRST FLOOR 2 LEHMAN,STREET, ENG, E1 8FA"",""transaction_type"":""Debit"",""provider_id"":""AT253540044000010094899---0005---20251220""}}"
27,truelayer,43cea894857fee2f247d618473fcff06,30956358f3f86779e972e530581de8ea,2025-12-19T00:00:00Z,"CEX LONDON",25.0,in,"{""timestamp"":""2025-12-19T00:00:00Z"",""description"":""CEX LONDON"",""transaction_type"":""DEBIT"",""transaction_category"":""DEBIT"",""transaction_classification"":[],""amount"":25,""currency"":""GBP"",""transaction_id"":""30956358f3f86779e972e530581de8ea"",""provider_transaction_id"":""AT253530053000010075742---0005---20251219"",""normalised_provider_transaction_id"":""txn-a3a6e58b20a5a5eae"",""meta"":{""provider_reference"":""AT253530053000010075742"",""provider_merchant_name"":""CEX"",""address"":""STERLING HOUSE FULBOURNE ROAD WALTHA, ENG, E17 4EE"",""transaction_type"":""Debit"",""provider_id"":""AT253530053000010075742---0005---20251219""}}"
28,truelayer,43cea894857fee2f247d618473fcff06,5ca5b6ba6ca22a1a31a177f13b0510d4,2025-12-19T00:00:00Z,"HM.COM LONDON",10.98,in,"{""timestamp"":""2025-12-19T00:00:00Z"",""description"":""HM.COM LONDON"",""transaction_type"":""DEBIT"",""transaction_category"":""DEBIT"",""transaction_classification"":[],""amount"":10.98,""currency"":""GBP"",""transaction_id"":""5ca5b6ba6ca22a1a31a177f13b0510d4"",""provider_transaction_id"":""AT253540044000010084349---0005---20251219"",""normalised_provider_transaction_id"":""txn-4c588d70c5f9f7649"",""meta"":{""provider_reference"":""AT253540044000010084349"",""provider_merchant_name"":""HMCOM CNP"",""address"":""25 ARGYLL STREET, ENG, W1F 7TS"",""transaction_type"":""Debit"",""provider_id"":""AT253540044000010084349---0005---20251219""}}"
29,truelayer,43cea894857fee2f247d618473fcff06,12ee607de9a0573661a8d0269f2b388a,2025-12-19T00:00:00Z,"KOSTLESS FOOD AND WINE LONDON",0.85,in,"{""timestamp"":""2025-12-19T00:00:00Z"",""description"":""KOSTLESS FOOD AND WINE LONDON"",""transaction_type"":""DEBIT"",""transaction_category"":""DEBIT"",""transaction_classification"":[],""amount"":0.85,""currency"":""GBP"",""transaction_id"":""12ee607de9a0573661a8d0269f2b388a"",""provider_transaction_id"":""AT253540044000010089520---0005---20251219"",""normalised_provider_transaction_id"":""txn-b279919dc84687a31"",""meta"":{""provider_reference"":""AT253540044000010089520"",""provider_merchant_name"":""KOSTLESS"",""address"":""9-11 BALHAM HIGH ROAD, LND, SW12 9AJ"",""transaction_type"":""Debit"",""provider_id"":""AT253540044000010089520---0005---20251219""}}"
30,truelayer,43cea894857fee2f247d618473fcff06,2c38bdd1a2888d1c753dceeea9128113,2025-12-19T00:00:00Z,"PAYMENT RECEIVED - THANK YOU",10.0,out,"{""timestamp"":""2025-12-19T00:00:00Z"",""description"":""PAYMENT RECEIVED - THANK YOU"",""transaction_type"":""CREDIT"",""transaction_category"":""CREDIT"",""transaction_classification"":[],""amount"":-10,""currency"":""GBP"",""transaction_id"":""2c38bdd1a2888d1c753dceeea9128113"",""provider_transaction_id"":""AT253530081000010076380---1313---20251219"",""normalised_provider_transaction_id"":""txn-a76245d10809ceb39"",""meta"":{""provider_reference"":""AT253530081000010076380"",""transaction_type"":""Credit"",""provider_id"":""AT253530081000010076380---1313---20251219""}}"
31,truelayer,43cea894857fee2f247d618473fcff06,6ddab5416943233b04e72a0857053891,2025-12-18T00:00:00Z,"PAYMENT RECEIVED - THANK YOU",25.0,out,"{""timestamp"":""2025-12-18T00:00:00Z"",""description"":""PAYMENT RECEIVED - THANK YOU"",""transaction_type"":""CREDIT"",""transaction_category"":""CREDIT"",""transaction_classification"":[],""amount"":-25,""currency"":""GBP"",""transaction_id"":""6ddab5416943233b04e72a0857053891"",""provider_transaction_id"":""AT253520081000010003893---1313---20251218"",""normalised_provider_transaction_id"":""txn-74de4ad87af268e3b"",""meta"":{""provider_reference"":""AT253520081000010003893"",""transaction_type"":""Credit"",""provider_id"":""AT253520081000010003893---1313---20251218""}}"
32,truelayer,43cea894857fee2f247d618473fcff06,fa0bb158e3a57bf168abd5cec310a472,2025-12-18T00:00:00Z,"TEMU.COM TEMU.COM LONDON",0.86,out,"{""timestamp"":""2025-12-18T00:00:00Z"",""description"":""TEMU.COM TEMU.COM LONDON"",""transaction_type"":""CREDIT"",""transaction_category"":""CREDIT"",""transaction_classification"":[],""amount"":-0.86,""currency"":""GBP"",""transaction_id"":""fa0bb158e3a57bf168abd5cec310a472"",""provider_transaction_id"":""AT253520055000010080150---0006---20251218"",""normalised_provider_transaction_id"":""txn-55b3c2a543a69cb08"",""meta"":{""provider_reference"":""AT253520055000010080150"",""provider_merchant_name"":""TEMU.COM"",""address"":""1 BARTHOLOMEW LANE, ENG, EC2N 2AX"",""transaction_type"":""Credit"",""provider_id"":""AT253520055000010080150---0006---20251218""}}"
33,truelayer,43cea894857fee2f247d618473fcff06,488efe2bb307e893315dec0a91487b1f,2025-12-18T00:00:00Z,"TESCO STORE 5122 5122TE LONDON",6.3,in,"{""timestamp"":""2025-12-18T00:00:00Z"",""description"":""TESCO STORE 5122 5122TE LONDON"",""transaction_type"":""DEBIT"",""transaction_category"":""DEBIT"",""transaction_classification"":[],""amount"":6.3,""currency"":""GBP"",""transaction_id"":""488efe2bb307e893315dec0a91487b1f"",""provider_transaction_id"":""AT253520082000010005377---0005---20251218"",""normalised_provider_transaction_id"":""txn-c335766a54ca6c42e"",""meta"":{""provider_reference"":""AT253520082000010005377"",""provider_merchant_name"":""TESCO STORE"",""address"":""CLAPHAM SUPERSTORE, ENG, SW4 9DF"",""transaction_type"":""Debit"",""provider_id"":""AT253520082000010005377---0005---20251218""}}"
34,truelayer,43cea894857fee2f247d618473fcff06,ff5c0ed2a7e935c1b666b08c2155253c,2025-12-17T00:00:00Z,"BURGER KING P6 AND 7 LONDON",7.83,in,"{""timestamp"":""2025-12-17T00:00:00Z"",""description"":""BURGER KING P6 AND 7 LONDON"",""transaction_type"":""DEBIT"",""transaction_category"":""DEBIT"",""transaction_classification"":[],""amount"":7.83,""currency"":""GBP"",""transaction_id"":""ff5c0ed2a7e935c1b666b08c2155253c"",""provider_transaction_id"":""AT253520055000010072945---0005---20251217"",""normalised_provider_transaction_id"":""txn-961b9f1ac11ee785d"",""meta"":{""provider_reference"":""AT253520055000010072945"",""provider_merchant_name"":""BURGER KING P6 AND"",""address"":""VICTORIA BR STATION, LND, SW1V 1JU"",""transaction_type"":""Debit"",""provider_id"":""AT253520055000010072945---0005---20251217""}}"
35,truelayer,43cea894857fee2f247d618473fcff06,dbf3302456813f99cc3324eb79239940,2025-12-17T00:00:00Z,"CLAPHAM CONVENIENCE LONDON",6.99,in,"{""timestamp"":""2025-12-17T00:00:00Z"",""description"":""CLAPHAM CONVENIENCE LONDON"",""transaction_type"":""DEBIT"",""transaction_category"":""DEBIT"",""transaction_classification"":[],""amount"":6.99,""currency"":""GBP"",""transaction_id"":""dbf3302456813f99cc3324eb79239940"",""provider_transaction_id"":""AT253520055000010087084---0005---20251217"",""normalised_provider_transaction_id"":""txn-f4d86cab9b34fbd28"",""meta"":{""provider_reference"":""AT253520055000010087084"",""provider_merchant_name"":""CLAPHAM CONVENIENCE"",""address"":""1A Westbury Parade,Balham Hill, ENG, SW12 9DZ"",""transaction_type"":""Debit"",""provider_id"":""AT253520055000010087084---0005---20251217""}}"
36,truelayer,43cea894857fee2f247d618473fcff06,fd6c4f85fbb73da514412ca22d465d89,2025-12-17T00:00:00Z,"PAYMENT RECEIVED - THANK YOU",3.79,out,"{""timestamp"":""2025-12-17T00:00:00Z"",""description"":""PAYMENT RECEIVED - THANK YOU"",""transaction_type"":""CREDIT"",""transaction_category"":""CREDIT"",""transaction_classification"":[],""amount"":-3.79,""currency"":""GBP"",""transaction_id"":""fd6c4f85fbb73da514412ca22d465d89"",""provider_transaction_id"":""AT253510103000010074486---1313---20251217"",""normalised_provider_transaction_id"":""txn-89c4130d641c3b51c"",""meta"":{""provider_reference"":""AT253510103000010074486"",""transaction_type"":""Credit"",""provider_id"":""AT253510103000010074486---1313---20251217""}}"
37,truelayer,43cea894857fee2f247d618473fcff06,0553a5153a9c4b4066180f53b7b6d306,2025-12-16T00:00:00Z,"PAYMENT RECEIVED - THANK YOU",56.0,out,"{""timestamp"":""2025-12-16T00:00:00Z"",""description"":""PAYMENT RECEIVED - THANK YOU"",""transaction_type"":""CREDIT"",""transaction_category"":""CREDIT"",""transaction_classification"":[],""amount"":-56,""currency"":""GBP"",""transaction_id"":""0553a5153a9c4b4066180f53b7b6d306"",""provider_transaction_id"":""AT253510001000010018209---1313---20251216"",""normalised_provider_transaction_id"":""txn-074fcf65616271b97"",""meta"":{""provider_reference"":""AT253510001000010018209"",""transaction_type"":""Credit"",""provider_id"":""AT253510001000010018209---1313---20251216""}}"
38,truelayer,43cea894857fee2f247d618473fcff06,5aea88cadc40386a475c681e12cf0475,2025-12-16T00:00:00Z,"PAYMENT RECEIVED - THANK YOU",32.0,out,"{""timestamp"":""2025-12-16T00:00:00Z"",""description"":""PAYMENT RECEIVED - THANK YOU"",""transaction_type"":""CREDIT"",""transaction_category"":""CREDIT"",""transaction_classification"":[],""amount"":-32,""currency"":""GBP"",""transaction_id"":""5aea88cadc40386a475c681e12cf0475"",""provider_transaction_id"":""AT253500067000010075501---1313---20251216"",""normalised_provider_transaction_id"":""txn-d663ed36c3d04e7e6"",""meta"":{""provider_reference"":""AT253500067000010075501"",""transaction_type"":""Credit"",""provider_id"":""AT253500067000010075501---1313---20251216""}}"
39,truelayer,43cea894857fee2f247d618473fcff06,1c163d6fc2d3b5372760cb579fd75d90,2025-12-16T00:00:00Z,"PAYMENT RECEIVED - THANK YOU",10.65,out,"{""timestamp"":""2025-12-16T00:00:00Z"",""description"":""PAYMENT RECEIVED - THANK YOU"",""transaction_type"":""CREDIT"",""transaction_category"":""CREDIT"",""transaction_classification"":[],""amount"":-10.65,""currency"":""GBP"",""transaction_id"":""1c163d6fc2d3b5372760cb579fd75d90"",""provider_transaction_id"":""AT253500067000010077074---1313---20251216"",""normalised_provider_transaction_id"":""txn-147266bc599161afe"",""meta"":{""provider_reference"":""AT253500067000010077074"",""transaction_type"":""Credit"",""provider_id"":""AT253500067000010077074---1313---20251216""}}"
40,truelayer,43cea894857fee2f247d618473fcff06,141467cf1be1a5a20b396f5129a9fa04,2025-12-16T00:00:00Z,"TESCO STORE 5122 5122TE LONDON",3.79,in,"{""timestamp"":""2025-12-16T00:00:00Z"",""description"":""TESCO STORE 5122 5122TE LONDON"",""transaction_type"":""DEBIT"",""transaction_category"":""DEBIT"",""transaction_classification"":[],""amount"":3.79,""currency"":""GBP"",""transaction_id"":""141467cf1be1a5a20b396f5129a9fa04"",""provider_transaction_id"":""AT253510055000010062003---0005---20251216"",""normalised_provider_transaction_id"":""txn-225dbb3c89f19b73c"",""meta"":{""provider_reference"":""AT253510055000010062003"",""provider_merchant_name"":""TESCO STORE"",""address"":""CLAPHAM SUPERSTORE, ENG, SW4 9DF"",""transaction_type"":""Debit"",""provider_id"":""AT253510055000010062003---0005---20251216""}}"
41,truelayer,43cea894857fee2f247d618473fcff06,649520f306ddfd048f60aa509ad135fc,2025-12-15T00:00:00Z,"DAYLEFORD ORGANIC LONDON",4.5,in,"{""timestamp"":""2025-12-15T00:00:00Z"",""description"":""DAYLEFORD ORGANIC LONDON"",""transaction_type"":""DEBIT"",""transaction_category"":""DEBIT"",""transaction_classification"":[],""amount"":4.5,""currency"":""GBP"",""transaction_id"":""649520f306ddfd048f60aa509ad135fc"",""provider_transaction_id"":""AT253500058000010077626---0005---20251215"",""normalised_provider_transaction_id"":""txn-3bc78c6e1ca90d5b4"",""meta"":{""provider_reference"":""AT253500058000010077626"",""provider_merchant_name"":""DAYLESFORD ORGANIC"",""address"":""208-212 WESTBOURNE GROVE, LND, W11 2RH"",""transaction_type"":""Debit"",""provider_id"":""AT253500058000010077626---0005---20251215""}}"
42,truelayer,43cea894857fee2f247d618473fcff06,737cab1478550132174cab11baf02ccc,2025-12-15T00:00:00Z,"DOMINION THEATRE LONDON",18.0,in,"{""timestamp"":""2025-12-15T00:00:00Z"",""description"":""DOMINION THEATRE LONDON"",""transaction_type"":""DEBIT"",""transaction_category"":""DEBIT"",""transaction_classification"":[],""amount"":18,""currency"":""GBP"",""transaction_id"":""737cab1478550132174cab11baf02ccc"",""provider_transaction_id"":""AT253500058000010065545---0005---20251215"",""normalised_provider_transaction_id"":""txn-973730763b3f731a1"",""meta"":{""provider_reference"":""AT253500058000010065545"",""provider_merchant_name"":""DOMINION THEATRE"",""address"":""268-269 TOTTENHAM COURT ROAD, LND, W1T 7AQ"",""transaction_type"":""Debit"",""provider_id"":""AT253500058000010065545---0005---20251215""}}"
43,truelayer,43cea894857fee2f247d618473fcff06,ac19efd7acb781cb8a8dc10ca3624c46,2025-12-15T00:00:00Z,"PAN N ICE LONDON",9.5,in,"{""timestamp"":""2025-12-15T00:00:00Z"",""description"":""PAN N ICE LONDON"",""transaction_type"":""DEBIT"",""transaction_category"":""DEBIT"",""transaction_classification"":[],""amount"":9.5,""currency"":""GBP"",""transaction_id"":""ac19efd7acb781cb8a8dc10ca3624c46"",""provider_transaction_id"":""AT253500058000010069049---0005---20251215"",""normalised_provider_transaction_id"":""txn-71bcd9005957b4682"",""meta"":{""provider_reference"":""AT253500058000010069049"",""provider_merchant_name"":""PAN-N-ICE"",""address"":""ARIEL WAY, LND, W12 7GF"",""transaction_type"":""Debit"",""provider_id"":""AT253500058000010069049---0005---20251215""}}"
44,truelayer,43cea894857fee2f247d618473fcff06,44054a704b86e0eb8027dd38872e0e2f,2025-12-15T00:00:00Z,"PAYMENT RECEIVED - THANK YOU",22.0,out,"{""timestamp"":""2025-12-15T00:00:00Z"",""description"":""PAYMENT RECEIVED - THANK YOU"",""transaction_type"":""CREDIT"",""transaction_category"":""CREDIT"",""transaction_classification"":[],""amount"":-22,""currency"":""GBP"",""transaction_id"":""44054a704b86e0eb8027dd38872e0e2f"",""provider_transaction_id"":""AT253490001000010024283---1313---20251215"",""normalised_provider_transaction_id"":""txn-9cc607def67467345"",""meta"":{""provider_reference"":""AT253490001000010024283"",""transaction_type"":""Credit"",""provider_id"":""AT253490001000010024283---1313---20251215""}}"
45,truelayer,43cea894857fee2f247d618473fcff06,b0666300fdcea6818a819f9089345481,2025-12-15T00:00:00Z,"SAINSBURY'S SUPERMARKET LONDON",10.65,in,"{""timestamp"":""2025-12-15T00:00:00Z"",""description"":""SAINSBURY'S SUPERMARKET LONDON"",""transaction_type"":""DEBIT"",""transaction_category"":""DEBIT"",""transaction_classification"":[],""amount"":10.65,""currency"":""GBP"",""transaction_id"":""b0666300fdcea6818a819f9089345481"",""provider_transaction_id"":""AT253500058000010074102---0005---20251215"",""normalised_provider_transaction_id"":""txn-f1bfbe410bae12f4a"",""meta"":{""provider_reference"":""AT253500058000010074102"",""provider_merchant_name"":""SAINSBURYS"",""address"":""147-151 BALHAM HIGH ROAD, LND, SW12 9AU"",""transaction_type"":""Debit"",""provider_id"":""AT253500058000010074102---0005---20251215""}}"
46,truelayer,43cea894857fee2f247d618473fcff06,15b4529ca0988e35601e388ab3840a36,2025-12-15T00:00:00Z,"SEPHORA WESTFIELD WHITE LONDON",56.0,in,"{""timestamp"":""2025-12-15T00:00:00Z"",""description"":""SEPHORA WESTFIELD WHITE LONDON"",""transaction_type"":""DEBIT"",""transaction_category"":""DEBIT"",""transaction_classification"":[],""amount"":56,""currency"":""GBP"",""transaction_id"":""15b4529ca0988e35601e388ab3840a36"",""provider_transaction_id"":""AT253500058000010057311---0005---20251215"",""normalised_provider_transaction_id"":""txn-1a462bb99fb486d94"",""meta"":{""provider_reference"":""AT253500058000010057311"",""provider_merchant_name"":""SEPHORA"",""address"":""2209-2210 ARIEL WAY, ENG, W12 7GF"",""transaction_type"":""Debit"",""provider_id"":""AT253500058000010057311---0005---20251215""}}"
47,truelayer,43cea894857fee2f247d618473fcff06,b0c2a327bb73c2df573a6c2ceaf425fe,2025-12-15T00:00:00Z,"SPACE NK LTD LONDON",27.0,in,"{""timestamp"":""2025-12-15T00:00:00Z"",""description"":""SPACE NK LTD LONDON"",""transaction_type"":""DEBIT"",""transaction_category"":""DEBIT"",""transaction_classification"":[],""amount"":27,""currency"":""GBP"",""transaction_id"":""b0c2a327bb73c2df573a6c2ceaf425fe"",""provider_transaction_id"":""AT253500058000010068509---0005---20251215"",""normalised_provider_transaction_id"":""txn-6beaf2607a78736b1"",""meta"":{""provider_reference"":""AT253500058000010068509"",""provider_merchant_name"":""S0100 SPACE NK WESTFIELD WHITE CITY"",""address"":""UNIT SU1214,WESTFIELD SHOPPING CENTRE,ARIEL WAY, ENG, W12 7HT"",""transaction_type"":""Debit"",""provider_id"":""AT253500058000010068509---0005---20251215""}}"
48,truelayer,43cea894857fee2f247d618473fcff06,f2a7d4aa7c5222ebe7e86b5426fe64f2,2025-12-14T00:00:00Z,"UBER TRIP HTTPS://HELP.UB",7.94,in,"{""timestamp"":""2025-12-14T00:00:00Z"",""description"":""UBER TRIP HTTPS://HELP.UB"",""transaction_type"":""DEBIT"",""transaction_category"":""DEBIT"",""transaction_classification"":[],""amount"":7.94,""currency"":""GBP"",""transaction_id"":""f2a7d4aa7c5222ebe7e86b5426fe64f2"",""provider_transaction_id"":""AT253490053000010061011---0005---20251214"",""normalised_provider_transaction_id"":""txn-c363617563b04f55f"",""meta"":{""provider_reference"":""AT253490053000010061011"",""provider_merchant_name"":""UBER RIDES"",""address"":""ALDGATE TOWER FIRST FLOOR 2 LEHMAN,STREET, ENG, E1 8FA"",""transaction_type"":""Debit"",""provider_id"":""AT253490053000010061011---0005---20251214""}}"
49,truelayer,43cea894857fee2f247d618473fcff06,aa385cf4442c501ee688fe67d0ce53f6,2025-12-13T00:00:00Z,"SAINSBURY'S SUPERMARKET LONDON",2.0,in,"{""timestamp"":""2025-12-13T00:00:00Z"",""description"":""SAINSBURY'S SUPERMARKET LONDON"",""transaction_type"":""DEBIT"",""transaction_category"":""DEBIT"",""transaction_classification"":[],""amount"":2,""currency"":""GBP"",""transaction_id"":""aa385cf4442c501ee688fe67d0ce53f6"",""provider_transaction_id"":""AT253480044000010081325---0005---20251213"",""normalised_provider_transaction_id"":""txn-2800624e64d3e78c1"",""meta"":{""provider_reference"":""AT253480044000010081325"",""provider_merchant_name"":""SAINSBURYS"",""address"":""147-151 BALHAM HIGH ROAD, LND, SW12 9AU"",""transaction_type"":""Debit"",""provider_id"":""AT253480044000010081325---0005---20251213""}}"
50,truelayer,43cea894857fee2f247d618473fcff06,041249123d6dadf3043572d9ac53e710,2025-12-13T00:00:00Z,"SLAYER PIZZERIA LONDON",20.0,in,"{""timestamp"":""2025-12-13T00:00:00Z"",""description"":""SLAYER PIZZERIA LONDON"",""transaction_type"":""DEBIT"",""transaction_category"":""DEBIT"",""transaction_classification"":[],""amount"":20,""currency"":""GBP"",""transaction_id"":""041249123d6dadf3043572d9ac53e710"",""provider_transaction_id"":""AT253470044000010082521---0005---20251213"",""normalised_provider_transaction_id"":""txn-b58a884d780607bfd"",""meta"":{""provider_reference"":""AT253470044000010082521"",""provider_merchant_name"":""SLAYER"",""address"":""226 WESTBOURNE GROVE LONDON,, ENG, W11"",""transaction_type"":""Debit"",""provider_id"":""AT253470044000010082521---0005---20251213""}}"
51,truelayer,43cea894857fee2f247d618473fcff06,9c1485c7cf4c9658e271640be4add767,2025-12-13T00:00:00Z,"asos.com London",124.49,in,"{""timestamp"":""2025-12-13T00:00:00Z"",""description"":""asos.com London"",""transaction_type"":""DEBIT"",""transaction_category"":""DEBIT"",""transaction_classification"":[],""amount"":124.49,""currency"":""GBP"",""transaction_id"":""9c1485c7cf4c9658e271640be4add767"",""provider_transaction_id"":""AT253480044000010073705---0005---20251213"",""normalised_provider_transaction_id"":""txn-803ee87819416fc9f"",""meta"":{""provider_reference"":""AT253480044000010073705"",""provider_merchant_name"":""ASOS"",""address"":""GREATER LONDON HOUSE HAMPSTEAD ROAD 2ND FLOOR, LND, NW1 7FB"",""transaction_type"":""Debit"",""provider_id"":""AT253480044000010073705---0005---20251213""}}"
52,truelayer,43cea894857fee2f247d618473fcff06,73056c45f948b2d71d4e2a2542582e11,2025-12-12T00:00:00Z,"3CPAYMENT*POSTMARKBALHA LONDON",2.5,in,"{""timestamp"":""2025-12-12T00:00:00Z"",""description"":""3CPAYMENT*POSTMARKBALHA LONDON"",""transaction_type"":""DEBIT"",""transaction_category"":""DEBIT"",""transaction_classification"":[],""amount"":2.5,""currency"":""GBP"",""transaction_id"":""73056c45f948b2d71d4e2a2542582e11"",""provider_transaction_id"":""AT253470044000010089948---0005---20251212"",""normalised_provider_transaction_id"":""txn-b2e920a209eed6ef9"",""meta"":{""provider_reference"":""AT253470044000010089948"",""provider_merchant_name"":""POSTMARK"",""address"":""123A BALHAM HIGH ROAD, LND, SW12 9AR"",""transaction_type"":""Debit"",""provider_id"":""AT253470044000010089948---0005---20251212""}}"
53,truelayer,43cea894857fee2f247d618473fcff06,7b0e74ba697b71e277b1495414283dd3,2025-12-12T00:00:00Z,"PAYMENT RECEIVED - THANK YOU",27.28,out,"{""timestamp"":""2025-12-12T00:00:00Z"",""description"":""PAYMENT RECEIVED - THANK YOU"",""transaction_type"":""CREDIT"",""transaction_category"":""CREDIT"",""transaction_classification"":[],""amount"":-27.28,""currency"":""GBP"",""transaction_id"":""7b0e74ba697b71e277b1495414283dd3"",""provider_transaction_id"":""AT253470001000010013257---1313---20251212"",""normalised_provider_transaction_id"":""txn-ab46b65f6a0e10563"",""meta"":{""provider_reference"":""AT253470001000010013257"",""transaction_type"":""Credit"",""provider_id"":""AT253470001000010013257---1313---20251212""}}"
54,truelayer,43cea894857fee2f247d618473fcff06,c896302c9fc313ea44a201ea068a6392,2025-12-12T00:00:00Z,"PAYMENT RECEIVED - THANK YOU",10.0,out,"{""timestamp"":""2025-12-12T00:00:00Z"",""description"":""PAYMENT RECEIVED - THANK YOU"",""transaction_type"":""CREDIT"",""transaction_category"":""CREDIT"",""transaction_classification"":[],""amount"":-10,""currency"":""GBP"",""transaction_id"":""c896302c9fc313ea44a201ea068a6392"",""provider_transaction_id"":""AT253470001000010012270---1313---20251212"",""normalised_provider_transaction_id"":""txn-b0414fabdb0e2911a"",""meta"":{""provider_reference"":""AT253470001000010012270"",""transaction_type"":""Credit"",""provider_id"":""AT253470001000010012270---1313---20251212""}}"
55,truelayer,43cea894857fee2f247d618473fcff06,d5f150e0542435eaf41277d7d29e6200,2025-12-12T00:00:00Z,"SAINSBURY'S SUPERMARKET LONDON",3.15,in,"{""timestamp"":""2025-12-12T00:00:00Z"",""description"":""SAINSBURY'S SUPERMARKET LONDON"",""transaction_type"":""DEBIT"",""transaction_category"":""DEBIT"",""transaction_classification"":[],""amount"":3.15,""currency"":""GBP"",""transaction_id"":""d5f150e0542435eaf41277d7d29e6200"",""provider_transaction_id"":""AT253470044000010068473---0005---20251212"",""normalised_provider_transaction_id"":""txn-8860bb45d42efcd0d"",""meta"":{""provider_reference"":""AT253470044000010068473"",""provider_merchant_name"":""SAINSBURYS"",""address"":""147-151 BALHAM HIGH ROAD, LND, SW12 9AU"",""transaction_type"":""Debit"",""provider_id"":""AT253470044000010068473---0005---20251212""}}"
56,truelayer,43cea894857fee2f247d618473fcff06,a0b2e91e5064187c429caa1ffedd998f,2025-12-12T00:00:00Z,"TEMU.COM TEMU.COM LONDON",27.28,in,"{""timestamp"":""2025-12-12T00:00:00Z"",""description"":""TEMU.COM TEMU.COM LONDON"",""transaction_type"":""DEBIT"",""transaction_category"":""DEBIT"",""transaction_classification"":[],""amount"":27.28,""currency"":""GBP"",""transaction_id"":""a0b2e91e5064187c429caa1ffedd998f"",""provider_transaction_id"":""AT253470044000010073880---0005---20251212"",""normalised_provider_transaction_id"":""txn-bb55f1a77507ac939"",""meta"":{""provider_reference"":""AT253470044000010073880"",""provider_merchant_name"":""TEMU.COM"",""address"":""1 BARTHOLOMEW LANE, ENG, EC2N 2AX"",""transaction_type"":""Debit"",""provider_id"":""AT253470044000010073880---0005---20251212""}}"
57,truelayer,43cea894857fee2f247d618473fcff06,1f431635df7451ef60c538a3203c1237,2025-12-12T00:00:00Z,"ZETTLE *BALHAM MOSQUE SW12 9AW",5.0,in,"{""timestamp"":""2025-12-12T00:00:00Z"",""description"":""ZETTLE *BALHAM MOSQUE SW12 9AW"",""transaction_type"":""DEBIT"",""transaction_category"":""DEBIT"",""transaction_classification"":[],""amount"":5,""currency"":""GBP"",""transaction_id"":""1f431635df7451ef60c538a3203c1237"",""provider_transaction_id"":""AT253470044000010089264---0005---20251212"",""normalised_provider_transaction_id"":""txn-7a5e7685ee72e9dff"",""meta"":{""provider_reference"":""AT253470044000010089264"",""provider_merchant_name"":""BALHAM MOSQUE"",""address"":""47A BALHAM HIGH ROAD, LND, SW12 9AW"",""transaction_type"":""Debit"",""provider_id"":""AT253470044000010089264---0005---20251212""}}"
58,truelayer,43cea894857fee2f247d618473fcff06,322bd7c54e246dd72e384b7f17851914,2025-12-09T00:00:00Z,"DELIVEROO LONDON",63.43,in,"{""timestamp"":""2025-12-09T00:00:00Z"",""description"":""DELIVEROO LONDON"",""transaction_type"":""DEBIT"",""transaction_category"":""DEBIT"",""transaction_classification"":[],""amount"":63.43,""currency"":""GBP"",""transaction_id"":""322bd7c54e246dd72e384b7f17851914"",""provider_transaction_id"":""AT253440059000010056380---0005---20251209"",""normalised_provider_transaction_id"":""txn-b076a353539642972"",""meta"":{""provider_reference"":""AT253440059000010056380"",""provider_merchant_name"":""DELIVEROO"",""address"":""THE RIVER BUILDING - LEVEL 1 CANNON,BRIDGE HOUSE 1 COUSIN LANE, ENG, EC4R 3TE"",""transaction_type"":""Debit"",""provider_id"":""AT253440059000010056380---0005---20251209""}}"
59,truelayer,43cea894857fee2f247d618473fcff06,0966ce5dba8c01fa5269345da373439e,2025-12-08T00:00:00Z,"LIME*PASS VRUD LONDON",3.99,in,"{""timestamp"":""2025-12-08T00:00:00Z"",""description"":""LIME*PASS VRUD LONDON"",""transaction_type"":""DEBIT"",""transaction_category"":""DEBIT"",""transaction_classification"":[],""amount"":3.99,""currency"":""GBP"",""transaction_id"":""0966ce5dba8c01fa5269345da373439e"",""provider_transaction_id"":""AT253430001000010044961---0005---20251208"",""normalised_provider_transaction_id"":""txn-e4215454103e5d9fd"",""meta"":{""provider_reference"":""AT253430001000010044961"",""provider_merchant_name"":""LIME TECHNOLOGY"",""address"":""HAYS GALLERIA 1 HAYS LANE, ENG, SE1"",""transaction_type"":""Debit"",""provider_id"":""AT253430001000010044961---0005---20251208""}}"
60,truelayer,43cea894857fee2f247d618473fcff06,2ed773f53f80dc1466f8ffbf4ecb6bf9,2025-12-08T00:00:00Z,"PAYMENT RECEIVED - THANK YOU",25.0,out,"{""timestamp"":""2025-12-08T00:00:00Z"",""description"":""PAYMENT RECEIVED - THANK YOU"",""transaction_type"":""CREDIT"",""transaction_category"":""CREDIT"",""transaction_classification"":[],""amount"":-25,""currency"":""GBP"",""transaction_id"":""2ed773f53f80dc1466f8ffbf4ecb6bf9"",""provider_transaction_id"":""AT253420055000010045491---1313---20251208"",""normalised_provider_transaction_id"":""txn-cf87c0b0fcd4db7e1"",""meta"":{""provider_reference"":""AT253420055000010045491"",""transaction_type"":""Credit"",""provider_id"":""AT253420055000010045491---1313---20251208""}}"
61,truelayer,43cea894857fee2f247d618473fcff06,cddf7298c499518ee65544aa2524ae1d,2025-12-08T00:00:00Z,"PAYMENT RECEIVED - THANK YOU",23.0,out,"{""timestamp"":""2025-12-08T00:00:00Z"",""description"":""PAYMENT RECEIVED - THANK YOU"",""transaction_type"":""CREDIT"",""transaction_category"":""CREDIT"",""transaction_classification"":[],""amount"":-23,""currency"":""GBP"",""transaction_id"":""cddf7298c499518ee65544aa2524ae1d"",""provider_transaction_id"":""AT253420055000010015178---1313---20251208"",""normalised_provider_transaction_id"":""txn-6e9d3719231d002a4"",""meta"":{""provider_reference"":""AT253420055000010015178"",""transaction_type"":""Credit"",""provider_id"":""AT253420055000010015178---1313---20251208""}}"
62,truelayer,43cea894857fee2f247d618473fcff06,6d896b816452bbf1203a7c39253a3427,2025-12-08T00:00:00Z,"PRINTERPIX UK LIMITED SOUTH RUILSIP",23.57,in,"{""timestamp"":""2025-12-08T00:00:00Z"",""description"":""PRINTERPIX UK LIMITED SOUTH RUILSIP"",""transaction_type"":""DEBIT"",""transaction_category"":""DEBIT"",""transaction_classification"":[],""amount"":23.57,""currency"":""GBP"",""transaction_id"":""6d896b816452bbf1203a7c39253a3427"",""provider_transaction_id"":""AT253430054000010048910---0005---20251208"",""normalised_provider_transaction_id"":""txn-b05e910afb4e633bd"",""meta"":{""provider_reference"":""AT253430054000010048910"",""provider_merchant_name"":""PRINTERPIX"",""address"":""8TH FLOOR CAPITAL HOUSE,25 CHAPEL STREET, ENG, NW1 5DH"",""transaction_type"":""Debit"",""provider_id"":""AT253430054000010048910---0005---20251208""}}"
63,truelayer,43cea894857fee2f247d618473fcff06,e7865cffdd22cabe774b31ad3f8a2725,2025-12-08T00:00:00Z,"SAINSBURY'S SUPERMARKET LONDON",19.17,in,"{""timestamp"":""2025-12-08T00:00:00Z"",""description"":""SAINSBURY'S SUPERMARKET LONDON"",""transaction_type"":""DEBIT"",""transaction_category"":""DEBIT"",""transaction_classification"":[],""amount"":19.17,""currency"":""GBP"",""transaction_id"":""e7865cffdd22cabe774b31ad3f8a2725"",""provider_transaction_id"":""AT253430054000010061809---0005---20251208"",""normalised_provider_transaction_id"":""txn-73001916abfea9a5c"",""meta"":{""provider_reference"":""AT253430054000010061809"",""provider_merchant_name"":""SAINSBURYS"",""address"":""147-151 BALHAM HIGH ROAD, LND, SW12 9AU"",""transaction_type"":""Debit"",""provider_id"":""AT253430054000010061809---0005---20251208""}}"
64,truelayer,43cea894857fee2f247d618473fcff06,97dcb2116d524b92d0ea7509ca49d9a9,2025-12-08T00:00:00Z,"TK MAXX - MERTON LONDON",12.98,in,"{""timestamp"":""2025-12-08T00:00:00Z"",""description"":""TK MAXX - MERTON LONDON"",""transaction_type"":""DEBIT"",""transaction_category"":""DEBIT"",""transaction_classification"":[],""amount"":12.98,""currency"":""GBP"",""transaction_id"":""97dcb2116d524b92d0ea7509ca49d9a9"",""provider_transaction_id"":""AT253430054000010056974---0005---20251208"",""normalised_provider_transaction_id"":""txn-c2c077706c542d732"",""meta"":{""provider_reference"":""AT253430054000010056974"",""provider_merchant_name"":""TK MAXX"",""address"":""UNIT 3 THE TANDEM CENTRE, ENG, SW19 2TY"",""transaction_type"":""Debit"",""provider_id"":""AT253430054000010056974---0005---20251208""}}"
65,truelayer,43cea894857fee2f247d618473fcff06,2755a5b7c53b85424672bbfac4980c3d,2025-12-07T00:00:00Z,"ETSY UK LONDON",31.19,in,"{""timestamp"":""2025-12-07T00:00:00Z"",""description"":""ETSY UK LONDON"",""transaction_type"":""DEBIT"",""transaction_category"":""DEBIT"",""transaction_classification"":[],""amount"":31.19,""currency"":""GBP"",""transaction_id"":""2755a5b7c53b85424672bbfac4980c3d"",""provider_transaction_id"":""AT253410044000010067621---0005---20251207"",""normalised_provider_transaction_id"":""txn-8d693dd842172dd3b"",""meta"":{""provider_reference"":""AT253410044000010067621"",""provider_merchant_name"":""ETSY"",""address"":""1 BARTHOLOMEW LANE, ENG, EC2N 2AX"",""transaction_type"":""Debit"",""provider_id"":""AT253410044000010067621---0005---20251207""}}"
66,truelayer,43cea894857fee2f247d618473fcff06,5a52c2a27fa810cdda2789d075e35ff9,2025-12-07T00:00:00Z,"PAYMENT RECEIVED - THANK YOU",30.0,out,"{""timestamp"":""2025-12-07T00:00:00Z"",""description"":""PAYMENT RECEIVED - THANK YOU"",""transaction_type"":""CREDIT"",""transaction_category"":""CREDIT"",""transaction_classification"":[],""amount"":-30,""currency"":""GBP"",""transaction_id"":""5a52c2a27fa810cdda2789d075e35ff9"",""provider_transaction_id"":""AT253410059000010050049---1313---20251207"",""normalised_provider_transaction_id"":""txn-e30b11c2fbe3b8efc"",""meta"":{""provider_reference"":""AT253410059000010050049"",""transaction_type"":""Credit"",""provider_id"":""AT253410059000010050049---1313---20251207""}}"
67,truelayer,43cea894857fee2f247d618473fcff06,dedf79e18b4305b21a7f0747a13cd4c7,2025-12-06T00:00:00Z,"AMAZON.CO.UK AMAZON.CO.UK",37.99,out,"{""timestamp"":""2025-12-06T00:00:00Z"",""description"":""AMAZON.CO.UK AMAZON.CO.UK"",""transaction_type"":""CREDIT"",""transaction_category"":""CREDIT"",""transaction_classification"":[],""amount"":-37.99,""currency"":""GBP"",""transaction_id"":""dedf79e18b4305b21a7f0747a13cd4c7"",""provider_transaction_id"":""AT253400059000010004033---0006---20251206"",""normalised_provider_transaction_id"":""txn-43e19180840c4f7bf"",""meta"":{""provider_reference"":""AT253400059000010004033"",""provider_merchant_name"":""AMAZON CO UK RETAIL"",""address"":""60 HOLBORN VIADUCT, null, EC1A 2FD"",""transaction_type"":""Credit"",""provider_id"":""AT253400059000010004033---0006---20251206""}}"
68,truelayer,43cea894857fee2f247d618473fcff06,da0b93d67a456ac8da206d9c686dc781,2025-12-06T00:00:00Z,"LONDON THEATRE DIRECT LONDON",86.0,in,"{""timestamp"":""2025-12-06T00:00:00Z"",""description"":""LONDON THEATRE DIRECT LONDON"",""transaction_type"":""DEBIT"",""transaction_category"":""DEBIT"",""transaction_classification"":[],""amount"":86,""currency"":""GBP"",""transaction_id"":""da0b93d67a456ac8da206d9c686dc781"",""provider_transaction_id"":""AT253410044000010078377---0005---20251206"",""normalised_provider_transaction_id"":""txn-cdd444e15c0b1f9ef"",""meta"":{""provider_reference"":""AT253410044000010078377"",""provider_merchant_name"":""LONDON THEATRE DIRECT"",""address"":""55 STRAND, ENG, WC2R"",""transaction_type"":""Debit"",""provider_id"":""AT253410044000010078377---0005---20251206""}}"
69,truelayer,43cea894857fee2f247d618473fcff06,725839f2c011a7361ca6742ca34c4bf6,2025-12-06T00:00:00Z,"PAYMENT RECEIVED - THANK YOU",86.0,out,"{""timestamp"":""2025-12-06T00:00:00Z"",""description"":""PAYMENT RECEIVED - THANK YOU"",""transaction_type"":""CREDIT"",""transaction_category"":""CREDIT"",""transaction_classification"":[],""amount"":-86,""currency"":""GBP"",""transaction_id"":""725839f2c011a7361ca6742ca34c4bf6"",""provider_transaction_id"":""AT253400058000010010841---1313---20251206"",""normalised_provider_transaction_id"":""txn-8fbd3bc95e721991f"",""meta"":{""provider_reference"":""AT253400058000010010841"",""transaction_type"":""Credit"",""provider_id"":""AT253400058000010010841---1313---20251206""}}"
70,truelayer,43cea894857fee2f247d618473fcff06,ee22aa305b30be9582d4faf571bf2b2d,2025-12-04T00:00:00Z,"PAYMENT RECEIVED - THANK YOU",30.0,out,"{""timestamp"":""2025-12-04T00:00:00Z"",""description"":""PAYMENT RECEIVED - THANK YOU"",""transaction_type"":""CREDIT"",""transaction_category"":""CREDIT"",""transaction_classification"":[],""amount"":-30,""currency"":""GBP"",""transaction_id"":""ee22aa305b30be9582d4faf571bf2b2d"",""provider_transaction_id"":""AT253380064000010013920---1313---20251204"",""normalised_provider_transaction_id"":""txn-391a01f95be386f63"",""meta"":{""provider_reference"":""AT253380064000010013920"",""transaction_type"":""Credit"",""provider_id"":""AT253380064000010013920---1313---20251204""}}"
71,truelayer,43cea894857fee2f247d618473fcff06,8b16522f2500627184c57dd82f213961,2025-12-04T00:00:00Z,"TESCO STORE 5122 5122TE LONDON",20.1,in,"{""timestamp"":""2025-12-04T00:00:00Z"",""description"":""TESCO STORE 5122 5122TE LONDON"",""transaction_type"":""DEBIT"",""transaction_category"":""DEBIT"",""transaction_classification"":[],""amount"":20.1,""currency"":""GBP"",""transaction_id"":""8b16522f2500627184c57dd82f213961"",""provider_transaction_id"":""AT253380081000010003453---0005---20251204"",""normalised_provider_transaction_id"":""txn-1a4101265463dc0a9"",""meta"":{""provider_reference"":""AT253380081000010003453"",""provider_merchant_name"":""TESCO STORE"",""address"":""CLAPHAM SUPERSTORE, ENG, SW4 9DF"",""transaction_type"":""Debit"",""provider_id"":""AT253380081000010003453---0005---20251204""}}"
72,truelayer,43cea894857fee2f247d618473fcff06,cf9cfcd55762ff6dfd94b1fac1fed631,2025-12-03T00:00:00Z,"PAYMENT RECEIVED - THANK YOU",5.35,out,"{""timestamp"":""2025-12-03T00:00:00Z"",""description"":""PAYMENT RECEIVED - THANK YOU"",""transaction_type"":""CREDIT"",""transaction_category"":""CREDIT"",""transaction_classification"":[],""amount"":-5.35,""currency"":""GBP"",""transaction_id"":""cf9cfcd55762ff6dfd94b1fac1fed631"",""provider_transaction_id"":""AT253370066000010003565---1313---20251203"",""normalised_provider_transaction_id"":""txn-26a176f631be1ea0d"",""meta"":{""provider_reference"":""AT253370066000010003565"",""transaction_type"":""Credit"",""provider_id"":""AT253370066000010003565---1313---20251203""}}"
73,truelayer,43cea894857fee2f247d618473fcff06,7277a31a2484366b50f1960e3c97cf04,2025-12-03T00:00:00Z,"SAINSBURY'S SUPERMARKET LONDON",5.35,in,"{""timestamp"":""2025-12-03T00:00:00Z"",""description"":""SAINSBURY'S SUPERMARKET LONDON"",""transaction_type"":""DEBIT"",""transaction_category"":""DEBIT"",""transaction_classification"":[],""amount"":5.35,""currency"":""GBP"",""transaction_id"":""7277a31a2484366b50f1960e3c97cf04"",""provider_transaction_id"":""AT253380053000010042107---0005---20251203"",""normalised_provider_transaction_id"":""txn-8b5feddcffcca46cb"",""meta"":{""provider_reference"":""AT253380053000010042107"",""provider_merchant_name"":""SAINSBURYS"",""address"":""129-133 KINGSWAY, ENG, WC2B 6NH"",""transaction_type"":""Debit"",""provider_id"":""AT253380053000010042107---0005---20251203""}}"
74,truelayer,43cea894857fee2f247d618473fcff06,084ff3dcd1dc10254286ef95d6e4f24d,2025-12-03T00:00:00Z,"UBER TRIP HTTPS://HELP.UB",10.33,in,"{""timestamp"":""2025-12-03T00:00:00Z"",""description"":""UBER TRIP HTTPS://HELP.UB"",""transaction_type"":""DEBIT"",""transaction_category"":""DEBIT"",""transaction_classification"":[],""amount"":10.33,""currency"":""GBP"",""transaction_id"":""084ff3dcd1dc10254286ef95d6e4f24d"",""provider_transaction_id"":""AT253380053000010058160---0005---20251203"",""normalised_provider_transaction_id"":""txn-72a9449ca7837bd1a"",""meta"":{""provider_reference"":""AT253380053000010058160"",""provider_merchant_name"":""UBER RIDES"",""address"":""ALDGATE TOWER FIRST FLOOR 2 LEHMAN,STREET, ENG, E1 8FA"",""transaction_type"":""Debit"",""provider_id"":""AT253380053000010058160---0005---20251203""}}"
75,truelayer,43cea894857fee2f247d618473fcff06,b39206eacae33a51aa2565051f5268be,2025-12-02T00:00:00Z,"3CPAYMENT*KRISPY KREME LONDON",10.99,in,"{""timestamp"":""2025-12-02T00:00:00Z"",""description"":""3CPAYMENT*KRISPY KREME LONDON"",""transaction_type"":""DEBIT"",""transaction_category"":""DEBIT"",""transaction_classification"":[],""amount"":10.99,""currency"":""GBP"",""transaction_id"":""b39206eacae33a51aa2565051f5268be"",""provider_transaction_id"":""AT253370052000010050258---0005---20251202"",""normalised_provider_transaction_id"":""txn-8ac30c8a4e27cc469"",""meta"":{""provider_reference"":""AT253370052000010050258"",""provider_merchant_name"":""KRISPY KREME"",""address"":""EASTERN CONCOURSE VICTORIA STATION MOBILE PLATFORM 7, ENG, SW1V 1JU"",""transaction_type"":""Debit"",""provider_id"":""AT253370052000010050258---0005---20251202""}}"
76,truelayer,43cea894857fee2f247d618473fcff06,bc45d97f388535121584ad02ac56f5d1,2025-12-02T00:00:00Z,"PAYMENT RECEIVED - THANK YOU",30.0,out,"{""timestamp"":""2025-12-02T00:00:00Z"",""description"":""PAYMENT RECEIVED - THANK YOU"",""transaction_type"":""CREDIT"",""transaction_category"":""CREDIT"",""transaction_classification"":[],""amount"":-30,""currency"":""GBP"",""transaction_id"":""bc45d97f388535121584ad02ac56f5d1"",""provider_transaction_id"":""AT253360104000010004038---1313---20251202"",""normalised_provider_transaction_id"":""txn-a08675af19f8211e8"",""meta"":{""provider_reference"":""AT253360104000010004038"",""transaction_type"":""Credit"",""provider_id"":""AT253360104000010004038---1313---20251202""}}"
77,truelayer,43cea894857fee2f247d618473fcff06,714b262fab5be32f174a61ccc854c533,2025-12-02T00:00:00Z,"PAYMENT RECEIVED - THANK YOU",14.5,out,"{""timestamp"":""2025-12-02T00:00:00Z"",""description"":""PAYMENT RECEIVED - THANK YOU"",""transaction_type"":""CREDIT"",""transaction_category"":""CREDIT"",""transaction_classification"":[],""amount"":-14.5,""currency"":""GBP"",""transaction_id"":""714b262fab5be32f174a61ccc854c533"",""provider_transaction_id"":""AT253360001000010015786---1313---20251202"",""normalised_provider_transaction_id"":""txn-e46a0e120f2edc287"",""meta"":{""provider_reference"":""AT253360001000010015786"",""transaction_type"":""Credit"",""provider_id"":""AT253360001000010015786---1313---20251202""}}"
78,truelayer,43cea894857fee2f247d618473fcff06,2553fafc7de62239a3736c1a2520f69a,2025-12-02T00:00:00Z,"SAINSBURY'S SUPERMARKET LONDON",5.35,in,"{""timestamp"":""2025-12-02T00:00:00Z"",""description"":""SAINSBURY'S SUPERMARKET LONDON"",""transaction_type"":""DEBIT"",""transaction_category"":""DEBIT"",""transaction_classification"":[],""amount"":5.35,""currency"":""GBP"",""transaction_id"":""2553fafc7de62239a3736c1a2520f69a"",""provider_transaction_id"":""AT253370052000010048440---0005---20251202"",""normalised_provider_transaction_id"":""txn-450bc26727546adb1"",""meta"":{""provider_reference"":""AT253370052000010048440"",""provider_merchant_name"":""SAINSBURYS"",""address"":""129-133 KINGSWAY, ENG, WC2B 6NH"",""transaction_type"":""Debit"",""provider_id"":""AT253370052000010048440---0005---20251202""}}"
79,truelayer,43cea894857fee2f247d618473fcff06,6d03ea253973c3de3aaaef0f86ebf728,2025-12-01T00:00:00Z,"SAINSBURY'S SUPERMARKET LONDON",2.5,in,"{""timestamp"":""2025-12-01T00:00:00Z"",""description"":""SAINSBURY'S SUPERMARKET LONDON"",""transaction_type"":""DEBIT"",""transaction_category"":""DEBIT"",""transaction_classification"":[],""amount"":2.5,""currency"":""GBP"",""transaction_id"":""6d03ea253973c3de3aaaef0f86ebf728"",""provider_transaction_id"":""AT253360055000010042483---0005---20251201"",""normalised_provider_transaction_id"":""txn-7880b1b08276ff7f8"",""meta"":{""provider_reference"":""AT253360055000010042483"",""provider_merchant_name"":""SAINSBURYS"",""address"":""129-133 KINGSWAY, ENG, WC2B 6NH"",""transaction_type"":""Debit"",""provider_id"":""AT253360055000010042483---0005---20251201""}}"
80,truelayer,43cea894857fee2f247d618473fcff06,749092735b69a0b7f79eee2b2ba5cd52,2025-12-01T00:00:00Z,"ZETTLE *HWH RESTAURANTS LONDON",12.0,in,"{""timestamp"":""2025-12-01T00:00:00Z"",""description"":""ZETTLE *HWH RESTAURANTS LONDON"",""transaction_type"":""DEBIT"",""transaction_category"":""DEBIT"",""transaction_classification"":[],""amount"":12,""currency"":""GBP"",""transaction_id"":""749092735b69a0b7f79eee2b2ba5cd52"",""provider_transaction_id"":""AT253360055000010057541---0005---20251201"",""normalised_provider_transaction_id"":""txn-0a0e8aa7a5cf43d50"",""meta"":{""provider_reference"":""AT253360055000010057541"",""provider_merchant_name"":""HWH RESTAURANTS LA"",""address"":""2 LEMAN STREET ENGLAND, null, E1W9US"",""transaction_type"":""Debit"",""provider_id"":""AT253360055000010057541---0005---20251201""}}"
81,truelayer,43cea894857fee2f247d618473fcff06,e1efef1891ad7f2a1d86a34299a6adee,2025-11-30T00:00:00Z,"880 - WESTFIELD WHITE C SHEPHERDS BUSH",17.97,in,"{""timestamp"":""2025-11-30T00:00:00Z"",""description"":""880 - WESTFIELD WHITE C SHEPHERDS BUSH"",""transaction_type"":""DEBIT"",""transaction_category"":""DEBIT"",""transaction_classification"":[],""amount"":17.97,""currency"":""GBP"",""transaction_id"":""e1efef1891ad7f2a1d86a34299a6adee"",""provider_transaction_id"":""AT253350056000010057853---0005---20251130"",""normalised_provider_transaction_id"":""txn-58c5e4d8ad6b9dd13"",""meta"":{""provider_reference"":""AT253350056000010057853"",""provider_merchant_name"":""TK MAXX LONDON WESTFIELD"",""address"":""UNIT 000D,LEVEL 50,AIREL WAY, ENG, W12 7GF"",""transaction_type"":""Debit"",""provider_id"":""AT253350056000010057853---0005---20251130""}}"
82,truelayer,43cea894857fee2f247d618473fcff06,2cdb79095ab58ae89445e94e04f15b36,2025-11-30T00:00:00Z,"DOJO*TOCA SOCIAL WHITE LONDON",9.6,in,"{""timestamp"":""2025-11-30T00:00:00Z"",""description"":""DOJO*TOCA SOCIAL WHITE LONDON"",""transaction_type"":""DEBIT"",""transaction_category"":""DEBIT"",""transaction_classification"":[],""amount"":9.6,""currency"":""GBP"",""transaction_id"":""2cdb79095ab58ae89445e94e04f15b36"",""provider_transaction_id"":""AT253350056000010041897---0005---20251130"",""normalised_provider_transaction_id"":""txn-b418625e4437e2e1a"",""meta"":{""provider_reference"":""AT253350056000010041897"",""provider_merchant_name"":""TOCA SOCIAL WHITE CITY"",""address"":""UNIT SU0079C ARIEL WAY, ENG, W12 7SL"",""transaction_type"":""Debit"",""provider_id"":""AT253350056000010041897---0005---20251130""}}"
83,truelayer,43cea894857fee2f247d618473fcff06,3d00dcee6ddd7b70dd0389dbb6234692,2025-11-30T00:00:00Z,"LUL TICKET MACHINE CLAP -",85.0,in,"{""timestamp"":""2025-11-30T00:00:00Z"",""description"":""LUL TICKET MACHINE CLAP -"",""transaction_type"":""DEBIT"",""transaction_category"":""DEBIT"",""transaction_classification"":[],""amount"":85,""currency"":""GBP"",""transaction_id"":""3d00dcee6ddd7b70dd0389dbb6234692"",""provider_transaction_id"":""AT253350056000010048122---0005---20251130"",""normalised_provider_transaction_id"":""txn-3e89ad76d29d40c9f"",""meta"":{""provider_reference"":""AT253350056000010048122"",""provider_merchant_name"":""LUL TICKET MACHINE-CLAPHAM SOUTH"",""address"":""NIGHTINGALE LANE, LND, SW12 9DV"",""transaction_type"":""Debit"",""provider_id"":""AT253350056000010048122---0005---20251130""}}"
84,truelayer,43cea894857fee2f247d618473fcff06,526e36d9f5e8b7c8525b1d886a600a19,2025-11-30T00:00:00Z,"MIND BLOWING CHICKEN LT LONDON",28.77,in,"{""timestamp"":""2025-11-30T00:00:00Z"",""description"":""MIND BLOWING CHICKEN LT LONDON"",""transaction_type"":""DEBIT"",""transaction_category"":""DEBIT"",""transaction_classification"":[],""amount"":28.77,""currency"":""GBP"",""transaction_id"":""526e36d9f5e8b7c8525b1d886a600a19"",""provider_transaction_id"":""AT253350056000010048499---0005---20251130"",""normalised_provider_transaction_id"":""txn-1aeba2db682851e1f"",""meta"":{""provider_reference"":""AT253350056000010048499"",""provider_merchant_name"":""MIND BLOWING CHICKEN"",""address"":""HOUSE 25 CHAPEL STREET,3RD FLOOR CAPITAL, ENG, NW1 5DH"",""transaction_type"":""Debit"",""provider_id"":""AT253350056000010048499---0005---20251130""}}"
85,truelayer,43cea894857fee2f247d618473fcff06,d624a54daf318a1e4fec287f2be5e40c,2025-11-30T00:00:00Z,"PAYMENT RECEIVED - THANK YOU",85.0,out,"{""timestamp"":""2025-11-30T00:00:00Z"",""description"":""PAYMENT RECEIVED - THANK YOU"",""transaction_type"":""CREDIT"",""transaction_category"":""CREDIT"",""transaction_classification"":[],""amount"":-85,""currency"":""GBP"",""transaction_id"":""d624a54daf318a1e4fec287f2be5e40c"",""provider_transaction_id"":""AT253340060000010066454---1313---20251130"",""normalised_provider_transaction_id"":""txn-c01d27225acb293f0"",""meta"":{""provider_reference"":""AT253340060000010066454"",""transaction_type"":""Credit"",""provider_id"":""AT253340060000010066454---1313---20251130""}}"
86,truelayer,43cea894857fee2f247d618473fcff06,8619c9f61fefce41b8dc1cec54a4f3a8,2025-11-30T00:00:00Z,"PAYMENT RECEIVED - THANK YOU",40.0,out,"{""timestamp"":""2025-11-30T00:00:00Z"",""description"":""PAYMENT RECEIVED - THANK YOU"",""transaction_type"":""CREDIT"",""transaction_category"":""CREDIT"",""transaction_classification"":[],""amount"":-40,""currency"":""GBP"",""transaction_id"":""8619c9f61fefce41b8dc1cec54a4f3a8"",""provider_transaction_id"":""AT253340060000010018270---1313---20251130"",""normalised_provider_transaction_id"":""txn-9a3c3b185cbf9edd7"",""meta"":{""provider_reference"":""AT253340060000010018270"",""transaction_type"":""Credit"",""provider_id"":""AT253340060000010018270---1313---20251130""}}"
87,truelayer,43cea894857fee2f247d618473fcff06,b1350ae01d8ca9e249fc9d7943be0815,2025-11-30T00:00:00Z,"PAYMENT RECEIVED - THANK YOU",13.0,out,"{""timestamp"":""2025-11-30T00:00:00Z"",""description"":""PAYMENT RECEIVED - THANK YOU"",""transaction_type"":""CREDIT"",""transaction_category"":""CREDIT"",""transaction_classification"":[],""amount"":-13,""currency"":""GBP"",""transaction_id"":""b1350ae01d8ca9e249fc9d7943be0815"",""provider_transaction_id"":""AT253340060000010004691---1313---20251130"",""normalised_provider_transaction_id"":""txn-7e58d44e4a30f45dc"",""meta"":{""provider_reference"":""AT253340060000010004691"",""transaction_type"":""Credit"",""provider_id"":""AT253340060000010004691---1313---20251130""}}"
88,truelayer,43cea894857fee2f247d618473fcff06,370322eb20e903858b4fb43f81858975,2025-11-30T00:00:00Z,"PAYMENT RECEIVED - THANK YOU",3.8,out,"{""timestamp"":""2025-11-30T00:00:00Z"",""description"":""PAYMENT RECEIVED - THANK YOU"",""transaction_type"":""CREDIT"",""transaction_category"":""CREDIT"",""transaction_classification"":[],""amount"":-3.8,""currency"":""GBP"",""transaction_id"":""370322eb20e903858b4fb43f81858975"",""provider_transaction_id"":""AT253340060000010068156---1313---20251130"",""normalised_provider_transaction_id"":""txn-16a5fd3aa22526a51"",""meta"":{""provider_reference"":""AT253340060000010068156"",""transaction_type"":""Credit"",""provider_id"":""AT253340060000010068156---1313---20251130""}}"
89,truelayer,43cea894857fee2f247d618473fcff06,557ba0e6cf5ea7a3415a7864bfd2514f,2025-11-30T00:00:00Z,"SAINSBURY'S SUPERMARKET LONDON",12.24,in,"{""timestamp"":""2025-11-30T00:00:00Z"",""description"":""SAINSBURY'S SUPERMARKET LONDON"",""transaction_type"":""DEBIT"",""transaction_category"":""DEBIT"",""transaction_classification"":[],""amount"":12.24,""currency"":""GBP"",""transaction_id"":""557ba0e6cf5ea7a3415a7864bfd2514f"",""provider_transaction_id"":""AT253350056000010059369---0005---20251130"",""normalised_provider_transaction_id"":""txn-771b91d95b1153dd7"",""meta"":{""provider_reference"":""AT253350056000010059369"",""provider_merchant_name"":""SAINSBURYS LOCAL"",""address"":""21 BALHAM HILL, ENG, SW12 9DY"",""transaction_type"":""Debit"",""provider_id"":""AT253350056000010059369---0005---20251130""}}"
90,truelayer,43cea894857fee2f247d618473fcff06,b837f63e0c0c39eba007e05f424f5dbb,2025-11-28T00:00:00Z,"PAYMENT RECEIVED - THANK YOU",100.0,out,"{""timestamp"":""2025-11-28T00:00:00Z"",""description"":""PAYMENT RECEIVED - THANK YOU"",""transaction_type"":""CREDIT"",""transaction_category"":""CREDIT"",""transaction_classification"":[],""amount"":-100,""currency"":""GBP"",""transaction_id"":""b837f63e0c0c39eba007e05f424f5dbb"",""provider_transaction_id"":""AT253320069000010160721---1313---20251128"",""normalised_provider_transaction_id"":""txn-3fd9b8468e0d08412"",""meta"":{""provider_reference"":""AT253320069000010160721"",""transaction_type"":""Credit"",""provider_id"":""AT253320069000010160721---1313---20251128""}}"
91,truelayer,43cea894857fee2f247d618473fcff06,070dda828d20a0a237f3e0a6c38439cd,2025-11-28T00:00:00Z,"PAYMENT RECEIVED - THANK YOU",51.0,out,"{""timestamp"":""2025-11-28T00:00:00Z"",""description"":""PAYMENT RECEIVED - THANK YOU"",""transaction_type"":""CREDIT"",""transaction_category"":""CREDIT"",""transaction_classification"":[],""amount"":-51,""currency"":""GBP"",""transaction_id"":""070dda828d20a0a237f3e0a6c38439cd"",""provider_transaction_id"":""AT253320069000010155954---1313---20251128"",""normalised_provider_transaction_id"":""txn-aaa0f9c67ca7efbfd"",""meta"":{""provider_reference"":""AT253320069000010155954"",""transaction_type"":""Credit"",""provider_id"":""AT253320069000010155954---1313---20251128""}}"
92,truelayer,43cea894857fee2f247d618473fcff06,48cb637a1a16944853d8219ec2763d7d,2025-11-28T00:00:00Z,"PAYMENT RECEIVED - THANK YOU",39.15,out,"{""timestamp"":""2025-11-28T00:00:00Z"",""description"":""PAYMENT RECEIVED - THANK YOU"",""transaction_type"":""CREDIT"",""transaction_category"":""CREDIT"",""transaction_classification"":[],""amount"":-39.15,""currency"":""GBP"",""transaction_id"":""48cb637a1a16944853d8219ec2763d7d"",""provider_transaction_id"":""AT253320069000010155858---1313---20251128"",""normalised_provider_transaction_id"":""txn-2a517f2064c010d3c"",""meta"":{""provider_reference"":""AT253320069000010155858"",""transaction_type"":""Credit"",""provider_id"":""AT253320069000010155858---1313---20251128""}}"
93,truelayer,43cea894857fee2f247d618473fcff06,49024d6be93ae81336e11b252cd794e4,2025-11-28T00:00:00Z,"PAYMENT RECEIVED - THANK YOU",23.14,out,"{""timestamp"":""2025-11-28T00:00:00Z"",""description"":""PAYMENT RECEIVED - THANK YOU"",""transaction_type"":""CREDIT"",""transaction_category"":""CREDIT"",""transaction_classification"":[],""amount"":-23.14,""currency"":""GBP"",""transaction_id"":""49024d6be93ae81336e11b252cd794e4"",""provider_transaction_id"":""AT253330001000010025155---1313---20251128"",""normalised_provider_transaction_id"":""txn-d88d132c1032336b2"",""meta"":{""provider_reference"":""AT253330001000010025155"",""transaction_type"":""Credit"",""provider_id"":""AT253330001000010025155---1313---20251128""}}"
94,truelayer,43cea894857fee2f247d618473fcff06,45fd5fd4fffe2325b30adabc6e13d0d2,2025-11-28T00:00:00Z,"SAINSBURY'S SUPERMARKET LONDON",23.4,in,"{""timestamp"":""2025-11-28T00:00:00Z"",""description"":""SAINSBURY'S SUPERMARKET LONDON"",""transaction_type"":""DEBIT"",""transaction_category"":""DEBIT"",""transaction_classification"":[],""amount"":23.4,""currency"":""GBP"",""transaction_id"":""45fd5fd4fffe2325b30adabc6e13d0d2"",""provider_transaction_id"":""AT253330044000010061424---0005---20251128"",""normalised_provider_transaction_id"":""txn-a3a30f6d9540dce5c"",""meta"":{""provider_reference"":""AT253330044000010061424"",""provider_merchant_name"":""SAINSBURYS"",""address"":""147-151 BALHAM HIGH ROAD, LND, SW12 9AU"",""transaction_type"":""Debit"",""provider_id"":""AT253330044000010061424---0005---20251128""}}"
95,truelayer,43cea894857fee2f247d618473fcff06,fa8a56a51f483b27f40d8b70788d57c7,2025-11-28T00:00:00Z,"SP KAAF-NUN BOLTON",17.84,in,"{""timestamp"":""2025-11-28T00:00:00Z"",""description"":""SP KAAF-NUN BOLTON"",""transaction_type"":""DEBIT"",""transaction_category"":""DEBIT"",""transaction_classification"":[],""amount"":17.84,""currency"":""GBP"",""transaction_id"":""fa8a56a51f483b27f40d8b70788d57c7"",""provider_transaction_id"":""AT253320055000010039611---0005---20251128"",""normalised_provider_transaction_id"":""txn-b52aa728499d583b8"",""meta"":{""provider_reference"":""AT253320055000010039611"",""provider_merchant_name"":""KAAF-NUN"",""address"":""16 THE MEWS LINCOLN ROAD, ENG, BL1"",""transaction_type"":""Debit"",""provider_id"":""AT253320055000010039611---0005---20251128""}}"
96,truelayer,43cea894857fee2f247d618473fcff06,790fcda7512123e0d7befc8e55a4fcaf,2025-11-28T00:00:00Z,"UBER TRIP HTTPS://HELP.UB",12.18,in,"{""timestamp"":""2025-11-28T00:00:00Z"",""description"":""UBER TRIP HTTPS://HELP.UB"",""transaction_type"":""DEBIT"",""transaction_category"":""DEBIT"",""transaction_classification"":[],""amount"":12.18,""currency"":""GBP"",""transaction_id"":""790fcda7512123e0d7befc8e55a4fcaf"",""provider_transaction_id"":""AT253320055000010061714---0005---20251128"",""normalised_provider_transaction_id"":""txn-7c096b4be87309459"",""meta"":{""provider_reference"":""AT253320055000010061714"",""provider_merchant_name"":""UBER RIDES"",""address"":""ALDGATE TOWER FIRST FLOOR 2 LEHMAN,STREET, ENG, E1 8FA"",""transaction_type"":""Debit"",""provider_id"":""AT253320055000010061714---0005---20251128""}}"
97,truelayer,43cea894857fee2f247d618473fcff06,4a378e04be21588fde432d6268d3be63,2025-11-27T00:00:00Z,"NANDOS.CO.UK LONDON",15.5,in,"{""timestamp"":""2025-11-27T00:00:00Z"",""description"":""NANDOS.CO.UK LONDON"",""transaction_type"":""DEBIT"",""transaction_category"":""DEBIT"",""transaction_classification"":[],""amount"":15.5,""currency"":""GBP"",""transaction_id"":""4a378e04be21588fde432d6268d3be63"",""provider_transaction_id"":""AT253320055000010037963---0005---20251127"",""normalised_provider_transaction_id"":""txn-1bbb7c1fc44278894"",""meta"":{""provider_reference"":""AT253320055000010037963"",""provider_merchant_name"":""NANDOS"",""address"":""99 UPPER RICHMOND ROAD,ERICO HOUSE 93, ENG, SW15"",""transaction_type"":""Debit"",""provider_id"":""AT253320055000010037963---0005---20251127""}}"
98,truelayer,43cea894857fee2f247d618473fcff06,06331c146471a1d0a2de8d0d37901e55,2025-11-27T00:00:00Z,"TESCO STORE 5122 5122TE LONDON",7.74,in,"{""timestamp"":""2025-11-27T00:00:00Z"",""description"":""TESCO STORE 5122 5122TE LONDON"",""transaction_type"":""DEBIT"",""transaction_category"":""DEBIT"",""transaction_classification"":[],""amount"":7.74,""currency"":""GBP"",""transaction_id"":""06331c146471a1d0a2de8d0d37901e55"",""provider_transaction_id"":""AT253310062000010028677---0005---20251127"",""normalised_provider_transaction_id"":""txn-449c8a9f83343ac76"",""meta"":{""provider_reference"":""AT253310062000010028677"",""provider_merchant_name"":""TESCO STORE"",""address"":""CLAPHAM SUPERSTORE, ENG, SW4 9DF"",""transaction_type"":""Debit"",""provider_id"":""AT253310062000010028677---0005---20251127""}}"
99,truelayer,43cea894857fee2f247d618473fcff06,34a5c15e08355e3fe3bbac02b87d0bbf,2025-11-27T00:00:00Z,"TFL TRAVEL CHARGE TFL.GOV.UK/CP",3.8,in,"{""timestamp"":""2025-11-27T00:00:00Z"",""description"":""TFL TRAVEL CHARGE TFL.GOV.UK/CP"",""transaction_type"":""DEBIT"",""transaction_category"":""DEBIT"",""transaction_classification"":[],""amount"":3.8,""currency"":""GBP"",""transaction_id"":""34a5c15e08355e3fe3bbac02b87d0bbf"",""provider_transaction_id"":""AT253320055000010051551---0005---20251127"",""normalised_provider_transaction_id"":""txn-2198d1266eb7f3691"",""meta"":{""provider_reference"":""AT253320055000010051551"",""provider_merchant_name"":""TFL TRAVEL CHARGE"",""address"":""CUSTOMER EXPERIENCE 4TH FLOOR,FAO SIMON FINE WINDSOR HOUSE,42-50 VICTORIA STREET, ENG, SW1H 0TL"",""transaction_type"":""Debit"",""provider_id"":""AT253320055000010051551---0005---20251127""}}"
100,truelayer,43cea894857fee2f247d618473fcff06,a8a1956035d87bd3699d057ec30c6798,2025-11-27T00:00:00Z,"TK MAXX 359 LONDON",26.67,in,"{""timestamp"":""2025-11-27T00:00:00Z"",""description"":""TK MAXX 359 LONDON"",""transaction_type"":""DEBIT"",""transaction_category"":""DEBIT"",""transaction_classification"":[],""amount"":26.67,""currency"":""GBP"",""transaction_id"":""a8a1956035d87bd3699d057ec30c6798"",""provider_transaction_id"":""AT253320055000010048680---0005---20251127"",""normalised_provider_transaction_id"":""txn-7daf412a7c3e74f7b"",""meta"":{""provider_reference"":""AT253320055000010048680"",""provider_merchant_name"":""TK MAXX"",""address"":""120 CHARING CROSS ROAD, ENG, WC2H 0JR"",""transaction_type"":""Debit"",""provider_id"":""AT253320055000010048680---0005---20251127""}}"
101,truelayer,43cea894857fee2f247d618473fcff06,9b0ecba4dd5417cd176ad4b44416c242,2025-11-26T00:00:00Z,"PAYMENT RECEIVED - THANK YOU",72.0,out,"{""timestamp"":""2025-11-26T00:00:00Z"",""description"":""PAYMENT RECEIVED - THANK YOU"",""transaction_type"":""CREDIT"",""transaction_category"":""CREDIT"",""transaction_classification"":[],""amount"":-72,""currency"":""GBP"",""transaction_id"":""9b0ecba4dd5417cd176ad4b44416c242"",""provider_transaction_id"":""AT253300001000010026759---1313---20251126"",""normalised_provider_transaction_id"":""txn-6dfd893c58fab5665"",""meta"":{""provider_reference"":""AT253300001000010026759"",""transaction_type"":""Credit"",""provider_id"":""AT253300001000010026759---1313---20251126""}}"
102,truelayer,43cea894857fee2f247d618473fcff06,b29d9e70b4d7a3a958f746be311a2851,2025-11-26T00:00:00Z,"PAYMENT RECEIVED - THANK YOU",21.0,out,"{""timestamp"":""2025-11-26T00:00:00Z"",""description"":""PAYMENT RECEIVED - THANK YOU"",""transaction_type"":""CREDIT"",""transaction_category"":""CREDIT"",""transaction_classification"":[],""amount"":-21,""currency"":""GBP"",""transaction_id"":""b29d9e70b4d7a3a958f746be311a2851"",""provider_transaction_id"":""AT253310001000010022597---1313---20251126"",""normalised_provider_transaction_id"":""txn-83be3a94c212c50ee"",""meta"":{""provider_reference"":""AT253310001000010022597"",""transaction_type"":""Credit"",""provider_id"":""AT253310001000010022597---1313---20251126""}}"
103,truelayer,43cea894857fee2f247d618473fcff06,01c5197c7ad3cb9913abc6c38d763949,2025-11-26T00:00:00Z,"SAINSBURY'S SUPERMARKET LONDON",5.15,in,"{""timestamp"":""2025-11-26T00:00:00Z"",""description"":""SAINSBURY'S SUPERMARKET LONDON"",""transaction_type"":""DEBIT"",""transaction_category"":""DEBIT"",""transaction_classification"":[],""amount"":5.15,""currency"":""GBP"",""transaction_id"":""01c5197c7ad3cb9913abc6c38d763949"",""provider_transaction_id"":""AT253310062000010030540---0005---20251126"",""normalised_provider_transaction_id"":""txn-2e6841c30afb3b954"",""meta"":{""provider_reference"":""AT253310062000010030540"",""provider_merchant_name"":""SAINSBURYS"",""address"":""129-133 KINGSWAY, ENG, WC2B 6NH"",""transaction_type"":""Debit"",""provider_id"":""AT253310062000010030540---0005---20251126""}}"
104,truelayer,43cea894857fee2f247d618473fcff06,6b00ab8f14ca83dad47a2853e2934e43,2025-11-26T00:00:00Z,"asos.com London",62.23,in,"{""timestamp"":""2025-11-26T00:00:00Z"",""description"":""asos.com London"",""transaction_type"":""DEBIT"",""transaction_category"":""DEBIT"",""transaction_classification"":[],""amount"":62.23,""currency"":""GBP"",""transaction_id"":""6b00ab8f14ca83dad47a2853e2934e43"",""provider_transaction_id"":""AT253300086000010003425---0005---20251126"",""normalised_provider_transaction_id"":""txn-19413c1fb598c0bd6"",""meta"":{""provider_reference"":""AT253300086000010003425"",""provider_merchant_name"":""ASOS"",""address"":""GREATER LONDON HOUSE HAMPSTEAD ROAD 2ND FLOOR, LND, NW1 7FB"",""transaction_type"":""Debit"",""provider_id"":""AT253300086000010003425---0005---20251126""}}"
105,truelayer,43cea894857fee2f247d618473fcff06,8e82c833e9d8c6e89e19f9459b0ec832,2025-11-26T00:00:00Z,"asos.com London",72.0,in,"{""timestamp"":""2025-11-26T00:00:00Z"",""description"":""asos.com London"",""transaction_type"":""DEBIT"",""transaction_category"":""DEBIT"",""transaction_classification"":[],""amount"":72,""currency"":""GBP"",""transaction_id"":""8e82c833e9d8c6e89e19f9459b0ec832"",""provider_transaction_id"":""AT253310062000010047352---0005---20251126"",""normalised_provider_transaction_id"":""txn-aa225cdb5c540b3a8"",""meta"":{""provider_reference"":""AT253310062000010047352"",""provider_merchant_name"":""ASOS"",""address"":""GREATER LONDON HOUSE HAMPSTEAD ROAD 2ND FLOOR, LND, NW1 7FB"",""transaction_type"":""Debit"",""provider_id"":""AT253310062000010047352---0005---20251126""}}"
106,truelayer,43cea894857fee2f247d618473fcff06,22fd8789ce7b72f48afa231d7229a408,2025-11-25T00:00:00Z,"DOJO*PUNJABI BAITHAK LONDON",25.0,in,"{""timestamp"":""2025-11-25T00:00:00Z"",""description"":""DOJO*PUNJABI BAITHAK LONDON"",""transaction_type"":""DEBIT"",""transaction_category"":""DEBIT"",""transaction_classification"":[],""amount"":25,""currency"":""GBP"",""transaction_id"":""22fd8789ce7b72f48afa231d7229a408"",""provider_transaction_id"":""AT253300056000010037789---0005---20251125"",""normalised_provider_transaction_id"":""txn-696de4001d4f8b532"",""meta"":{""provider_reference"":""AT253300056000010037789"",""provider_merchant_name"":""PUNJABI BAITHAK"",""address"":""190 SHAFTESBURY AVENUE, ENG, WC2H 8JL"",""transaction_type"":""Debit"",""provider_id"":""AT253300056000010037789---0005---20251125""}}"
107,truelayer,43cea894857fee2f247d618473fcff06,0720a5908699cbe955d8e0592826f6d4,2025-11-25T00:00:00Z,"PAYMENT RECEIVED - THANK YOU",63.0,out,"{""timestamp"":""2025-11-25T00:00:00Z"",""description"":""PAYMENT RECEIVED - THANK YOU"",""transaction_type"":""CREDIT"",""transaction_category"":""CREDIT"",""transaction_classification"":[],""amount"":-63,""currency"":""GBP"",""transaction_id"":""0720a5908699cbe955d8e0592826f6d4"",""provider_transaction_id"":""AT253290001000010001679---1313---20251125"",""normalised_provider_transaction_id"":""txn-73fa59c55c6883346"",""meta"":{""provider_reference"":""AT253290001000010001679"",""transaction_type"":""Credit"",""provider_id"":""AT253290001000010001679---1313---20251125""}}"
108,truelayer,43cea894857fee2f247d618473fcff06,0cdbe219a0af724ccc02e2955b419d31,2025-11-25T00:00:00Z,"PAYMENT RECEIVED - THANK YOU",35.0,out,"{""timestamp"":""2025-11-25T00:00:00Z"",""description"":""PAYMENT RECEIVED - THANK YOU"",""transaction_type"":""CREDIT"",""transaction_category"":""CREDIT"",""transaction_classification"":[],""amount"":-35,""currency"":""GBP"",""transaction_id"":""0cdbe219a0af724ccc02e2955b419d31"",""provider_transaction_id"":""AT253300001000010026326---1313---20251125"",""normalised_provider_transaction_id"":""txn-47cb11a4cb897368d"",""meta"":{""provider_reference"":""AT253300001000010026326"",""transaction_type"":""Credit"",""provider_id"":""AT253300001000010026326---1313---20251125""}}"
109,truelayer,43cea894857fee2f247d618473fcff06,dc654067190c55e569008294e5749b2f,2025-11-25T00:00:00Z,"TOCA SOCIAL WHITE CITY LONDON",18.5,in,"{""timestamp"":""2025-11-25T00:00:00Z"",""description"":""TOCA SOCIAL WHITE CITY LONDON"",""transaction_type"":""DEBIT"",""transaction_category"":""DEBIT"",""transaction_classification"":[],""amount"":18.5,""currency"":""GBP"",""transaction_id"":""dc654067190c55e569008294e5749b2f"",""provider_transaction_id"":""AT253290053000010042080---0005---20251125"",""normalised_provider_transaction_id"":""txn-f5ccf9dc5f6a94e9b"",""meta"":{""provider_reference"":""AT253290053000010042080"",""provider_merchant_name"":""TOCA SOCIAL WHITE CITY"",""address"":""240 HIGH HOLBORN, ENG, WC1V"",""transaction_type"":""Debit"",""provider_id"":""AT253290053000010042080---0005---20251125""}}"
110,truelayer,43cea894857fee2f247d618473fcff06,368aabaadba2818f6edbbbb9716aafae,2025-11-25T00:00:00Z,"asos.com London",41.9,in,"{""timestamp"":""2025-11-25T00:00:00Z"",""description"":""asos.com London"",""transaction_type"":""DEBIT"",""transaction_category"":""DEBIT"",""transaction_classification"":[],""amount"":41.9,""currency"":""GBP"",""transaction_id"":""368aabaadba2818f6edbbbb9716aafae"",""provider_transaction_id"":""AT253310062000010047376---0005---20251125"",""normalised_provider_transaction_id"":""txn-2526b04f12109219a"",""meta"":{""provider_reference"":""AT253310062000010047376"",""provider_merchant_name"":""ASOS"",""address"":""GREATER LONDON HOUSE HAMPSTEAD ROAD 2ND FLOOR, LND, NW1 7FB"",""transaction_type"":""Debit"",""provider_id"":""AT253310062000010047376---0005---20251125""}}"
111,truelayer,43cea894857fee2f247d618473fcff06,702bbc53454358d63a9d3e404b2cc317,2025-11-24T00:00:00Z,"LUL TICKET MACHINE CLAP -",20.0,in,"{""timestamp"":""2025-11-24T00:00:00Z"",""description"":""LUL TICKET MACHINE CLAP -"",""transaction_type"":""DEBIT"",""transaction_category"":""DEBIT"",""transaction_classification"":[],""amount"":20,""currency"":""GBP"",""transaction_id"":""702bbc53454358d63a9d3e404b2cc317"",""provider_transaction_id"":""AT253290053000010041107---0005---20251124"",""normalised_provider_transaction_id"":""txn-a79c7745267742226"",""meta"":{""provider_reference"":""AT253290053000010041107"",""provider_merchant_name"":""LUL TICKET MACHINE-CLAPHAM SOUTH"",""address"":""NIGHTINGALE LANE, LND, SW12 9DV"",""transaction_type"":""Debit"",""provider_id"":""AT253290053000010041107---0005---20251124""}}"
112,truelayer,43cea894857fee2f247d618473fcff06,3f164541eef03471af5389023acc9cf2,2025-11-24T00:00:00Z,"MONICA VINADER LONDON",71.8,in,"{""timestamp"":""2025-11-24T00:00:00Z"",""description"":""MONICA VINADER LONDON"",""transaction_type"":""DEBIT"",""transaction_category"":""DEBIT"",""transaction_classification"":[],""amount"":71.8,""currency"":""GBP"",""transaction_id"":""3f164541eef03471af5389023acc9cf2"",""provider_transaction_id"":""AT253290053000010044910---0005---20251124"",""normalised_provider_transaction_id"":""txn-1fd0605e616229aba"",""meta"":{""provider_reference"":""AT253290053000010044910"",""provider_merchant_name"":""MONICA VINADER"",""address"":""HOLKHAM STUDIOS LONGLANDSHOLKHAM PARK, null, NR231SH"",""transaction_type"":""Debit"",""provider_id"":""AT253290053000010044910---0005---20251124""}}"
113,truelayer,43cea894857fee2f247d618473fcff06,ed0a3daa436906cbf3203e84d800fea7,2025-11-24T00:00:00Z,"PAYMENT RECEIVED - THANK YOU",52.0,out,"{""timestamp"":""2025-11-24T00:00:00Z"",""description"":""PAYMENT RECEIVED - THANK YOU"",""transaction_type"":""CREDIT"",""transaction_category"":""CREDIT"",""transaction_classification"":[],""amount"":-52,""currency"":""GBP"",""transaction_id"":""ed0a3daa436906cbf3203e84d800fea7"",""provider_transaction_id"":""AT253280066000010087702---1313---20251124"",""normalised_provider_transaction_id"":""txn-d07e88fe857f91434"",""meta"":{""provider_reference"":""AT253280066000010087702"",""transaction_type"":""Credit"",""provider_id"":""AT253280066000010087702---1313---20251124""}}"
114,truelayer,43cea894857fee2f247d618473fcff06,a0801a6faadd83c26edf01b1d3483cbf,2025-11-24T00:00:00Z,"SAINSBURY'S SUPERMARKET LONDON",3.95,in,"{""timestamp"":""2025-11-24T00:00:00Z"",""description"":""SAINSBURY'S SUPERMARKET LONDON"",""transaction_type"":""DEBIT"",""transaction_category"":""DEBIT"",""transaction_classification"":[],""amount"":3.95,""currency"":""GBP"",""transaction_id"":""a0801a6faadd83c26edf01b1d3483cbf"",""provider_transaction_id"":""AT253290053000010037671---0005---20251124"",""normalised_provider_transaction_id"":""txn-6792f822f8b6a6dd4"",""meta"":{""provider_reference"":""AT253290053000010037671"",""provider_merchant_name"":""SAINSBURYS"",""address"":""129-133 KINGSWAY, ENG, WC2B 6NH"",""transaction_type"":""Debit"",""provider_id"":""AT253290053000010037671---0005---20251124""}}"
115,truelayer,43cea894857fee2f247d618473fcff06,93459fe397889750c151602b3f8549a4,2025-11-24T00:00:00Z,"SAINSBURY'S SUPERMARKET LONDON",6.7,in,"{""timestamp"":""2025-11-24T00:00:00Z"",""description"":""SAINSBURY'S SUPERMARKET LONDON"",""transaction_type"":""DEBIT"",""transaction_category"":""DEBIT"",""transaction_classification"":[],""amount"":6.7,""currency"":""GBP"",""transaction_id"":""93459fe397889750c151602b3f8549a4"",""provider_transaction_id"":""AT253290053000010037666---0005---20251124"",""normalised_provider_transaction_id"":""txn-92715e3a99a38ce66"",""meta"":{""provider_reference"":""AT253290053000010037666"",""provider_merchant_name"":""SAINSBURYS"",""address"":""129-133 KINGSWAY, ENG, WC2B 6NH"",""transaction_type"":""Debit"",""provider_id"":""AT253290053000010037666---0005---20251124""}}"
116,truelayer,43cea894857fee2f247d618473fcff06,83560de6b6f32c7447a8f684ccd5acee,2025-11-23T00:00:00Z,"SAINSBURY'S SUPERMARKET LONDON",4.85,in,"{""timestamp"":""2025-11-23T00:00:00Z"",""description"":""SAINSBURY'S SUPERMARKET LONDON"",""transaction_type"":""DEBIT"",""transaction_category"":""DEBIT"",""transaction_classification"":[],""amount"":4.85,""currency"":""GBP"",""transaction_id"":""83560de6b6f32c7447a8f684ccd5acee"",""provider_transaction_id"":""AT253280055000010044191---0005---20251123"",""normalised_provider_transaction_id"":""txn-4f76cf05c3249d89a"",""meta"":{""provider_reference"":""AT253280055000010044191"",""provider_merchant_name"":""SAINSBURYS"",""address"":""21 BALHAM HILL, ENG, SW12 9DY"",""transaction_type"":""Debit"",""provider_id"":""AT253280055000010044191---0005---20251123""}}"
117,truelayer,43cea894857fee2f247d618473fcff06,c2ac5b0613671167c98add985d16df1c,2025-11-23T00:00:00Z,"SAINSBURY'S SUPERMARKET LONDON",12.78,in,"{""timestamp"":""2025-11-23T00:00:00Z"",""description"":""SAINSBURY'S SUPERMARKET LONDON"",""transaction_type"":""DEBIT"",""transaction_category"":""DEBIT"",""transaction_classification"":[],""amount"":12.78,""currency"":""GBP"",""transaction_id"":""c2ac5b0613671167c98add985d16df1c"",""provider_transaction_id"":""AT253280055000010044187---0005---20251123"",""normalised_provider_transaction_id"":""txn-8e4ae46925f564b63"",""meta"":{""provider_reference"":""AT253280055000010044187"",""provider_merchant_name"":""SAINSBURYS LOCAL"",""address"":""21 BALHAM HILL, ENG, SW12 9DY"",""transaction_type"":""Debit"",""provider_id"":""AT253280055000010044187---0005---20251123""}}"
118,truelayer,43cea894857fee2f247d618473fcff06,66fa13eb1eed033e9511bac33dd64c76,2025-11-23T00:00:00Z,"TRAINLINE Trainline LONDON",7.1,in,"{""timestamp"":""2025-11-23T00:00:00Z"",""description"":""TRAINLINE Trainline LONDON"",""transaction_type"":""DEBIT"",""transaction_category"":""DEBIT"",""transaction_classification"":[],""amount"":7.1,""currency"":""GBP"",""transaction_id"":""66fa13eb1eed033e9511bac33dd64c76"",""provider_transaction_id"":""AT253280055000010029296---0005---20251123"",""normalised_provider_transaction_id"":""txn-011d57d6c03c02f16"",""meta"":{""provider_reference"":""AT253280055000010029296"",""provider_merchant_name"":""TRAINLINE"",""address"":""120 HOLBORN, ENG, EC1N 2TD"",""transaction_type"":""Debit"",""provider_id"":""AT253280055000010029296---0005---20251123""}}"
119,truelayer,43cea894857fee2f247d618473fcff06,0465dd4b9a28ffeb9e8e3bda9263a085,2025-11-22T00:00:00Z,"BOOTS NOTTINGHAM",39.15,in,"{""timestamp"":""2025-11-22T00:00:00Z"",""description"":""BOOTS NOTTINGHAM"",""transaction_type"":""DEBIT"",""transaction_category"":""DEBIT"",""transaction_classification"":[],""amount"":39.15,""currency"":""GBP"",""transaction_id"":""0465dd4b9a28ffeb9e8e3bda9263a085"",""provider_transaction_id"":""AT253270044000010057889---0005---20251122"",""normalised_provider_transaction_id"":""txn-bd1fc788783be0f99"",""meta"":{""provider_reference"":""AT253270044000010057889"",""provider_merchant_name"":""BOOTS"",""address"":""THANE ROAD, ENG, NG90 1BS"",""transaction_type"":""Debit"",""provider_id"":""AT253270044000010057889---0005---20251122""}}"
120,truelayer,43cea894857fee2f247d618473fcff06,ab74fc77aea914f5f699cb1f8d06ce29,2025-11-22T00:00:00Z,"CO-OP KNIGHTSFIELD WELWYN GARDEN C",7.49,in,"{""timestamp"":""2025-11-22T00:00:00Z"",""description"":""CO-OP KNIGHTSFIELD WELWYN GARDEN C"",""transaction_type"":""DEBIT"",""transaction_category"":""DEBIT"",""transaction_classification"":[],""amount"":7.49,""currency"":""GBP"",""transaction_id"":""ab74fc77aea914f5f699cb1f8d06ce29"",""provider_transaction_id"":""AT253270044000010055622---0005---20251122"",""normalised_provider_transaction_id"":""txn-8224e1060273f3922"",""meta"":{""provider_reference"":""AT253270044000010055622"",""provider_merchant_name"":""CO-OP FOOD - KNIGHTSFIELD"",""address"":""1-5 SHOPLANDS PARADE, ENG, AL8 7RH"",""transaction_type"":""Debit"",""provider_id"":""AT253270044000010055622---0005---20251122""}}"
121,truelayer,43cea894857fee2f247d618473fcff06,d0e385ac46c48981a80fa2be6f5466db,2025-11-22T00:00:00Z,"PAYMENT RECEIVED - THANK YOU",58.0,out,"{""timestamp"":""2025-11-22T00:00:00Z"",""description"":""PAYMENT RECEIVED - THANK YOU"",""transaction_type"":""CREDIT"",""transaction_category"":""CREDIT"",""transaction_classification"":[],""amount"":-58,""currency"":""GBP"",""transaction_id"":""d0e385ac46c48981a80fa2be6f5466db"",""provider_transaction_id"":""AT253260001000010013962---1313---20251122"",""normalised_provider_transaction_id"":""txn-657fc92ff9654207c"",""meta"":{""provider_reference"":""AT253260001000010013962"",""transaction_type"":""Credit"",""provider_id"":""AT253260001000010013962---1313---20251122""}}"
122,truelayer,43cea894857fee2f247d618473fcff06,b06d6d9fa1388d559c2cc42a972b9272,2025-11-22T00:00:00Z,"TK MAXX - PURLEY WAY CROYDON",59.98,in,"{""timestamp"":""2025-11-22T00:00:00Z"",""description"":""TK MAXX - PURLEY WAY CROYDON"",""transaction_type"":""DEBIT"",""transaction_category"":""DEBIT"",""transaction_classification"":[],""amount"":59.98,""currency"":""GBP"",""transaction_id"":""b06d6d9fa1388d559c2cc42a972b9272"",""provider_transaction_id"":""AT253270044000010055967---0005---20251122"",""normalised_provider_transaction_id"":""txn-8f025e6ef96ac0859"",""meta"":{""provider_reference"":""AT253270044000010055967"",""provider_merchant_name"":""TK MAXX - PURLEY WAY"",""address"":""1 DRURY CRESCENT,PURLEY WAY, ENG, CR9 4PE"",""transaction_type"":""Debit"",""provider_id"":""AT253270044000010055967---0005---20251122""}}"
123,truelayer,43cea894857fee2f247d618473fcff06,240fa8d9c99b53a273026b04e16e885f,2025-11-20T00:00:00Z,"UBER EATS HTTPS://HELP.UB",25.62,in,"{""timestamp"":""2025-11-20T00:00:00Z"",""description"":""UBER EATS HTTPS://HELP.UB"",""transaction_type"":""DEBIT"",""transaction_category"":""DEBIT"",""transaction_classification"":[],""amount"":25.62,""currency"":""GBP"",""transaction_id"":""240fa8d9c99b53a273026b04e16e885f"",""provider_transaction_id"":""AT253250057000010039721---0005---20251120"",""normalised_provider_transaction_id"":""txn-9410bb903a03ad8f8"",""meta"":{""provider_reference"":""AT253250057000010039721"",""provider_merchant_name"":""UBER PAYMENTS"",""address"":""2 LEMAN STREET, ENG, E1 8FA"",""transaction_type"":""Debit"",""provider_id"":""AT253250057000010039721---0005---20251120""}}"
124,truelayer,43cea894857fee2f247d618473fcff06,e35353172877a431254f4ff2b072ff13,2025-11-18T00:00:00Z,"AMAZON.CO.UK*Z36Q83EM4 AMAZON.CO.UK",37.99,in,"{""timestamp"":""2025-11-18T00:00:00Z"",""description"":""AMAZON.CO.UK*Z36Q83EM4 AMAZON.CO.UK"",""transaction_type"":""DEBIT"",""transaction_category"":""DEBIT"",""transaction_classification"":[],""amount"":37.99,""currency"":""GBP"",""transaction_id"":""e35353172877a431254f4ff2b072ff13"",""provider_transaction_id"":""AT253230086000010002394---0005---20251118"",""normalised_provider_transaction_id"":""txn-08c20942a5ab06fc3"",""meta"":{""provider_reference"":""AT253230086000010002394"",""provider_merchant_name"":""AMAZON CO UK RETAIL"",""address"":""60 HOLBORN VIADUCT, null, EC1A 2FD"",""transaction_type"":""Debit"",""provider_id"":""AT253230086000010002394---0005---20251118""}}"
125,truelayer,43cea894857fee2f247d618473fcff06,644fe1736e419364dcbd6250fee3d2bb,2025-11-18T00:00:00Z,"PAYMENT RECEIVED - THANK YOU",84.0,out,"{""timestamp"":""2025-11-18T00:00:00Z"",""description"":""PAYMENT RECEIVED - THANK YOU"",""transaction_type"":""CREDIT"",""transaction_category"":""CREDIT"",""transaction_classification"":[],""amount"":-84,""currency"":""GBP"",""transaction_id"":""644fe1736e419364dcbd6250fee3d2bb"",""provider_transaction_id"":""AT253230001000010013576---1313---20251118"",""normalised_provider_transaction_id"":""txn-fb4cc83f0ace5bd6c"",""meta"":{""provider_reference"":""AT253230001000010013576"",""transaction_type"":""Credit"",""provider_id"":""AT253230001000010013576---1313---20251118""}}"
126,truelayer,43cea894857fee2f247d618473fcff06,be230d8abd92b6c6e3062c982281c075,2025-11-13T00:00:00Z,"TOCA SOCIAL WHITE CITY LONDON",189.0,in,"{""timestamp"":""2025-11-13T00:00:00Z"",""description"":""TOCA SOCIAL WHITE CITY LONDON"",""transaction_type"":""DEBIT"",""transaction_category"":""DEBIT"",""transaction_classification"":[],""amount"":189,""currency"":""GBP"",""transaction_id"":""be230d8abd92b6c6e3062c982281c075"",""provider_transaction_id"":""AT253180053000010025217---0005---20251113"",""normalised_provider_transaction_id"":""txn-a609cc3d1a1c79c1b"",""meta"":{""provider_reference"":""AT253180053000010025217"",""provider_merchant_name"":""TOCA SOCIAL WHITE CITY"",""address"":""240 HIGH HOLBORN, ENG, WC1V"",""transaction_type"":""Debit"",""provider_id"":""AT253180053000010025217---0005---20251113""}}"
